event_id,vin,target_id,event_type,event_at,scan_id,details_json
evt_5a7d8eaa9499,1FTEW1EP0PKE73329,ford-f150-ontario,listing_appeared,2026-06-16T00:25:27-04:00,clutch_ford_f150_ontario_20260616_002527,"{""listing_id"": ""104836"", ""price_cad"": ""50590""}"
evt_3bba4223c692,1FTEW1EP2MFB72646,ford-f150-ontario,listing_appeared,2026-06-16T00:25:27-04:00,clutch_ford_f150_ontario_20260616_002527,"{""listing_id"": ""95745"", ""price_cad"": ""40690""}"
evt_847804dbe24a,1FTEW1EP4PKE25977,ford-f150-ontario,listing_appeared,2026-06-16T00:25:27-04:00,clutch_ford_f150_ontario_20260616_002527,"{""listing_id"": ""103821"", ""price_cad"": ""57190""}"
evt_8668155ef560,1FTEW1EP6NFA33444,ford-f150-ontario,listing_appeared,2026-06-16T00:25:27-04:00,clutch_ford_f150_ontario_20260616_002527,"{""listing_id"": ""98122"", ""price_cad"": ""45590""}"
evt_e96c2c25953f,1FTEW1EPXPKD47088,ford-f150-ontario,listing_appeared,2026-06-16T00:25:27-04:00,clutch_ford_f150_ontario_20260616_002527,"{""listing_id"": ""102032"", ""price_cad"": ""54190""}"
evt_43983708d568,1FTEW2LP7RKE96537,ford-f150-ontario,listing_appeared,2026-06-16T00:25:27-04:00,clutch_ford_f150_ontario_20260616_002527,"{""listing_id"": ""106923"", ""price_cad"": ""49790""}"
evt_773fb6c12bec,1FTEW3LP1RKF39209,ford-f150-ontario,listing_appeared,2026-06-16T00:25:27-04:00,clutch_ford_f150_ontario_20260616_002527,"{""listing_id"": ""105262"", ""price_cad"": null}"
evt_2e5f5113a40b,1FTEW3LP4SKD88226,ford-f150-ontario,listing_appeared,2026-06-16T00:25:27-04:00,clutch_ford_f150_ontario_20260616_002527,"{""listing_id"": ""101717"", ""price_cad"": ""57390""}"
evt_625e1fffa8c7,1FTFW1E82MKD27541,ford-f150-ontario,listing_appeared,2026-06-16T00:25:27-04:00,clutch_ford_f150_ontario_20260616_002527,"{""listing_id"": ""107800"", ""price_cad"": ""41390""}"
evt_f7d69f31ee82,1FTFW1E85NFA75004,ford-f150-ontario,listing_appeared,2026-06-16T00:25:27-04:00,clutch_ford_f150_ontario_20260616_002527,"{""listing_id"": ""104121"", ""price_cad"": ""41390""}"
evt_c095eb6cb5e3,1FTFW1E86NKD91289,ford-f150-ontario,listing_appeared,2026-06-16T00:25:27-04:00,clutch_ford_f150_ontario_20260616_002527,"{""listing_id"": ""101542"", ""price_cad"": ""46790""}"
evt_b44b3f074158,1FTFW1ED3PFB50802,ford-f150-ontario,listing_appeared,2026-06-16T00:25:27-04:00,clutch_ford_f150_ontario_20260616_002527,"{""listing_id"": ""105109"", ""price_cad"": ""60490""}"
evt_5a939d5933e6,1FTFW1ED6PFA97626,ford-f150-ontario,listing_appeared,2026-06-16T00:25:27-04:00,clutch_ford_f150_ontario_20260616_002527,"{""listing_id"": ""106118"", ""price_cad"": ""50490""}"
evt_fb211cb311a2,1FTFW1ED7NFB35619,ford-f150-ontario,listing_appeared,2026-06-16T00:25:27-04:00,clutch_ford_f150_ontario_20260616_002527,"{""listing_id"": ""104904"", ""price_cad"": ""53890""}"
evt_232628262b28,1FTEW1EP7NFB17238,ford-f150-ontario,listing_appeared,2026-06-16T17:08:00-04:00,clutch_ford_f150_ontario_20260616_170800,"{""listing_id"": ""103912"", ""price_cad"": ""44390""}"
evt_37c56344945b,1FTEW1EPXPFC35464,ford-f150-ontario,listing_appeared,2026-06-16T17:08:00-04:00,clutch_ford_f150_ontario_20260616_170800,"{""listing_id"": ""105080"", ""price_cad"": ""51790""}"
evt_e31cb21cffc0,1FTEW1EPXPKD47088,ford-f150-ontario,price_changed,2026-06-16T17:08:00-04:00,clutch_ford_f150_ontario_20260616_170800,"{""new_price_cad"": ""53890"", ""old_price_cad"": ""54190""}"
evt_6fee37593b28,1FTFW1E52PKE89874,ford-f150-ontario,listing_appeared,2026-06-16T17:08:00-04:00,clutch_ford_f150_ontario_20260616_170800,"{""listing_id"": ""106415"", ""price_cad"": ""53490""}"
evt_e99bd5f477e0,1FTFW1E85NKD79392,ford-f150-ontario,listing_appeared,2026-06-16T17:08:00-04:00,clutch_ford_f150_ontario_20260616_170800,"{""listing_id"": ""103836"", ""price_cad"": ""43190""}"
evt_8475cb0510e9,1FTFW1E86NKE45819,ford-f150-ontario,listing_appeared,2026-06-16T17:08:00-04:00,clutch_ford_f150_ontario_20260616_170800,"{""listing_id"": ""106890"", ""price_cad"": ""47090""}"
evt_23f66cbc7f47,1FTFW1E86PFC74145,ford-f150-ontario,listing_appeared,2026-06-16T17:08:00-04:00,clutch_ford_f150_ontario_20260616_170800,"{""listing_id"": ""108202"", ""price_cad"": ""51590""}"
evt_d4a3981c5a34,1FTFW3L85RFB45931,ford-f150-ontario,listing_appeared,2026-06-16T17:08:00-04:00,clutch_ford_f150_ontario_20260616_170800,"{""listing_id"": ""105561"", ""price_cad"": ""56890""}"
evt_0d4ccbdf020d,1FTEW1EP2MFA74619,ford-f150-ontario,listing_appeared,2026-06-17T17:05:20-04:00,clutch_ford_f150_ontario_20260617_170520,"{""listing_id"": ""106773"", ""price_cad"": ""38490""}"
evt_a365dd41bdb9,1FTEW1EP4PKE25977,ford-f150-ontario,price_changed,2026-06-17T17:05:20-04:00,clutch_ford_f150_ontario_20260617_170520,"{""new_price_cad"": ""56890"", ""old_price_cad"": ""57190""}"
evt_aefc6ee3312e,1FTEW1EP7NKF17825,ford-f150-ontario,listing_appeared,2026-06-17T17:05:20-04:00,clutch_ford_f150_ontario_20260617_170520,"{""listing_id"": ""102091"", ""price_cad"": ""43590""}"
evt_a7abb1e37606,1FTEW1EP7PKD72756,ford-f150-ontario,listing_appeared,2026-06-17T17:05:20-04:00,clutch_ford_f150_ontario_20260617_170520,"{""listing_id"": ""108102"", ""price_cad"": ""49990""}"
evt_13562d7aaa2f,1FTEW1EPXNFB39637,ford-f150-ontario,listing_appeared,2026-06-17T17:05:20-04:00,clutch_ford_f150_ontario_20260617_170520,"{""listing_id"": ""107926"", ""price_cad"": null}"
evt_6e8ef1178f41,1FTEW2LP7RKE96537,ford-f150-ontario,price_changed,2026-06-17T17:05:20-04:00,clutch_ford_f150_ontario_20260617_170520,"{""new_price_cad"": ""49590"", ""old_price_cad"": ""49790""}"
evt_ca86d1c48f8d,1FTFW1E52PKE89874,ford-f150-ontario,price_changed,2026-06-17T17:05:20-04:00,clutch_ford_f150_ontario_20260617_170520,"{""new_price_cad"": ""53190"", ""old_price_cad"": ""53490""}"
evt_b3b3bef46924,1FTFW1E83MFB22044,ford-f150-ontario,listing_appeared,2026-06-17T17:05:20-04:00,clutch_ford_f150_ontario_20260617_170520,"{""listing_id"": ""101784"", ""price_cad"": ""39790""}"
evt_fc7c103a596f,1FTFW1E87NKD85369,ford-f150-ontario,listing_appeared,2026-06-17T17:05:20-04:00,clutch_ford_f150_ontario_20260617_170520,"{""listing_id"": ""102753"", ""price_cad"": ""46890""}"
evt_11d445e0be41,1FTFW1ED3PFB05472,ford-f150-ontario,listing_appeared,2026-06-17T17:05:20-04:00,clutch_ford_f150_ontario_20260617_170520,"{""listing_id"": ""110886"", ""price_cad"": ""53790""}"
evt_117fdfd25aa1,1FTFW1ED9MFB39024,ford-f150-ontario,listing_appeared,2026-06-17T17:05:20-04:00,clutch_ford_f150_ontario_20260617_170520,"{""listing_id"": ""99752"", ""price_cad"": ""38190""}"
evt_d84a4592fb18,1FTEW1EP0PKE73329,ford-f150-ontario,price_changed,2026-06-17T22:59:06-04:00,clutch_ford_f150_ontario_20260617_225906,"{""new_price_cad"": ""50290"", ""old_price_cad"": ""50590""}"
evt_ce703f9bf06f,1FTEW1EP2MFA74619,ford-f150-ontario,price_changed,2026-06-17T22:59:06-04:00,clutch_ford_f150_ontario_20260617_225906,"{""new_price_cad"": ""38690"", ""old_price_cad"": ""38490""}"
evt_fd6bc62b183a,1FTEW1EP7NFB17238,ford-f150-ontario,price_changed,2026-06-17T22:59:06-04:00,clutch_ford_f150_ontario_20260617_225906,"{""new_price_cad"": ""44690"", ""old_price_cad"": ""44390""}"
evt_8f0d9248ad18,1FTEW1EP7NKF17825,ford-f150-ontario,price_changed,2026-06-17T22:59:06-04:00,clutch_ford_f150_ontario_20260617_225906,"{""new_price_cad"": ""43390"", ""old_price_cad"": ""43590""}"
evt_e156e7b6d1b9,1FTEW1EP7PKD72756,ford-f150-ontario,price_changed,2026-06-17T22:59:06-04:00,clutch_ford_f150_ontario_20260617_225906,"{""new_price_cad"": ""50290"", ""old_price_cad"": ""49990""}"
evt_c0be411c2578,1FTEW1EPXPFC35464,ford-f150-ontario,price_changed,2026-06-17T22:59:06-04:00,clutch_ford_f150_ontario_20260617_225906,"{""new_price_cad"": ""51590"", ""old_price_cad"": ""51790""}"
evt_318f53d7d02e,1FTEW3LP4SKD88226,ford-f150-ontario,price_changed,2026-06-17T22:59:06-04:00,clutch_ford_f150_ontario_20260617_225906,"{""new_price_cad"": ""56390"", ""old_price_cad"": ""57390""}"
evt_0271a191f38c,1FTEW3LP9RKE62198,ford-f150-ontario,listing_appeared,2026-06-17T22:59:06-04:00,clutch_ford_f150_ontario_20260617_225906,"{""listing_id"": ""96889"", ""price_cad"": null}"
evt_f381cf54e612,1FTEW3LPXRKF42433,ford-f150-ontario,listing_appeared,2026-06-17T22:59:06-04:00,clutch_ford_f150_ontario_20260617_225906,"{""listing_id"": ""101047"", ""price_cad"": ""51890""}"
evt_6e1aaf234cb3,1FTFW1E80MFB22261,ford-f150-ontario,listing_appeared,2026-06-17T22:59:06-04:00,clutch_ford_f150_ontario_20260617_225906,"{""listing_id"": ""107326"", ""price_cad"": ""39590""}"
evt_549e567d1b09,1FTFW1E83MFB22044,ford-f150-ontario,price_changed,2026-06-17T22:59:06-04:00,clutch_ford_f150_ontario_20260617_225906,"{""new_price_cad"": ""39390"", ""old_price_cad"": ""39790""}"
evt_c09480bf400a,1FTFW1E83NKD64034,ford-f150-ontario,listing_appeared,2026-06-17T22:59:06-04:00,clutch_ford_f150_ontario_20260617_225906,"{""listing_id"": ""106003"", ""price_cad"": ""52490""}"
evt_d391260e2e28,1FTFW1E83NKF22937,ford-f150-ontario,listing_appeared,2026-06-17T22:59:06-04:00,clutch_ford_f150_ontario_20260617_225906,"{""listing_id"": ""106011"", ""price_cad"": ""41090""}"
evt_8f1887d76e3c,1FTFW1E85NFA75004,ford-f150-ontario,price_changed,2026-06-17T22:59:06-04:00,clutch_ford_f150_ontario_20260617_225906,"{""new_price_cad"": ""41090"", ""old_price_cad"": ""41390""}"
evt_5363ebcd17c9,1FTFW1E86NKD91289,ford-f150-ontario,price_changed,2026-06-17T22:59:06-04:00,clutch_ford_f150_ontario_20260617_225906,"{""new_price_cad"": ""46390"", ""old_price_cad"": ""46790""}"
evt_a2da2f6ed351,1FTFW1E86PFC74145,ford-f150-ontario,price_changed,2026-06-17T22:59:06-04:00,clutch_ford_f150_ontario_20260617_225906,"{""new_price_cad"": ""51890"", ""old_price_cad"": ""51590""}"
evt_962c5fb45d26,1FTFW1E87NKD85369,ford-f150-ontario,price_changed,2026-06-17T22:59:06-04:00,clutch_ford_f150_ontario_20260617_225906,"{""new_price_cad"": ""47190"", ""old_price_cad"": ""46890""}"
evt_8110a8a0f2af,1FTFW1E8XNFB55365,ford-f150-ontario,listing_appeared,2026-06-17T22:59:06-04:00,clutch_ford_f150_ontario_20260617_225906,"{""listing_id"": ""95507"", ""price_cad"": ""46790""}"
evt_cd8b12a159cb,1FTFW1ED3PFB50802,ford-f150-ontario,price_changed,2026-06-17T22:59:06-04:00,clutch_ford_f150_ontario_20260617_225906,"{""new_price_cad"": ""60190"", ""old_price_cad"": ""60490""}"
evt_2ae78867d780,1FTFW1ED9MFB39024,ford-f150-ontario,price_changed,2026-06-17T22:59:06-04:00,clutch_ford_f150_ontario_20260617_225906,"{""new_price_cad"": ""37990"", ""old_price_cad"": ""38190""}"
evt_e2020f7546f8,1FTFW3L52SFA09378,ford-f150-ontario,listing_appeared,2026-06-17T22:59:06-04:00,clutch_ford_f150_ontario_20260617_225906,"{""listing_id"": ""101551"", ""price_cad"": ""62790""}"
evt_7821274c0804,1FTFW3L85RFB45931,ford-f150-ontario,price_changed,2026-06-17T22:59:06-04:00,clutch_ford_f150_ontario_20260617_225906,"{""new_price_cad"": ""57190"", ""old_price_cad"": ""56890""}"
evt_aff15a57721d,1FTFW3L52SFA09378,ford-f150-ontario,accident_history_assessed,2026-06-17T22:59:06-04:00,clutch_ford_f150_ontario_20260617_225906,"{""details"": ""no_accidents=0 accidents"", ""recommendation_eligible"": true, ""severity"": ""none"", ""status"": ""clean""}"
evt_55371e196f11,1FTEW3LP4SKD88226,ford-f150-ontario,accident_history_assessed,2026-06-17T22:59:06-04:00,clutch_ford_f150_ontario_20260617_225906,"{""details"": ""no_accidents=0 accidents"", ""recommendation_eligible"": true, ""severity"": ""none"", ""status"": ""clean""}"
evt_a727f54706b6,1FTEW3LPXRKF42433,ford-f150-ontario,accident_history_assessed,2026-06-17T22:59:06-04:00,clutch_ford_f150_ontario_20260617_225906,"{""details"": ""no_accidents=0 accidents"", ""recommendation_eligible"": true, ""severity"": ""none"", ""status"": ""clean""}"
evt_ece41fae4b7f,1FTEW3LP1RKF39209,ford-f150-ontario,accident_history_assessed,2026-06-17T22:59:06-04:00,clutch_ford_f150_ontario_20260617_225906,"{""details"": ""no_accidents=0 accidents"", ""recommendation_eligible"": true, ""severity"": ""none"", ""status"": ""clean""}"
evt_1d5766c2fdb3,1FTEW2LP7RKE96537,ford-f150-ontario,accident_history_assessed,2026-06-17T22:59:06-04:00,clutch_ford_f150_ontario_20260617_225906,"{""details"": ""no_accidents=0 accidents"", ""recommendation_eligible"": true, ""severity"": ""none"", ""status"": ""clean""}"
evt_0e644d188952,1FTFW1ED3PFB50802,ford-f150-ontario,accident_history_assessed,2026-06-17T22:59:06-04:00,clutch_ford_f150_ontario_20260617_225906,"{""details"": ""no_accidents=0 accidents"", ""recommendation_eligible"": true, ""severity"": ""none"", ""status"": ""clean""}"
evt_fc69e29a44cb,1FTFW1ED3PFB05472,ford-f150-ontario,accident_history_assessed,2026-06-17T22:59:06-04:00,clutch_ford_f150_ontario_20260617_225906,"{""details"": ""no_accidents=0 accidents"", ""recommendation_eligible"": true, ""severity"": ""none"", ""status"": ""clean""}"
evt_28474c194667,1FTFW1E86PFC74145,ford-f150-ontario,accident_history_assessed,2026-06-17T22:59:06-04:00,clutch_ford_f150_ontario_20260617_225906,"{""details"": ""no_accidents=0 accidents"", ""recommendation_eligible"": true, ""severity"": ""none"", ""status"": ""clean""}"
evt_1e1f42d49fe3,1FTEW1EPXPKD47088,ford-f150-ontario,accident_history_assessed,2026-06-17T22:59:06-04:00,clutch_ford_f150_ontario_20260617_225906,"{""details"": ""no_accidents=0 accidents"", ""recommendation_eligible"": true, ""severity"": ""none"", ""status"": ""clean""}"
evt_9204f0ec89da,1FTEW1EPXPFC35464,ford-f150-ontario,accident_history_assessed,2026-06-17T22:59:06-04:00,clutch_ford_f150_ontario_20260617_225906,"{""details"": ""no_accidents=0 accidents"", ""recommendation_eligible"": true, ""severity"": ""none"", ""status"": ""clean""}"
evt_83ec8cf8c56c,1FTEW1EP7PKD72756,ford-f150-ontario,accident_history_assessed,2026-06-17T22:59:06-04:00,clutch_ford_f150_ontario_20260617_225906,"{""details"": ""no_accidents=0 accidents"", ""recommendation_eligible"": true, ""severity"": ""none"", ""status"": ""clean""}"
evt_a82e0ce4c05f,1FTEW1EP4PKE25977,ford-f150-ontario,accident_history_assessed,2026-06-17T22:59:06-04:00,clutch_ford_f150_ontario_20260617_225906,"{""details"": ""no_accidents=0 accidents"", ""recommendation_eligible"": true, ""severity"": ""none"", ""status"": ""clean""}"
evt_dc1f18654b59,1FTFW1ED7NFB35619,ford-f150-ontario,accident_history_assessed,2026-06-17T22:59:06-04:00,clutch_ford_f150_ontario_20260617_225906,"{""details"": ""no_accidents=0 accidents"", ""recommendation_eligible"": true, ""severity"": ""none"", ""status"": ""clean""}"
evt_8289b10d24ee,1FTFW1E8XNFB55365,ford-f150-ontario,accident_history_assessed,2026-06-17T22:59:06-04:00,clutch_ford_f150_ontario_20260617_225906,"{""details"": ""no_accidents=0 accidents"", ""recommendation_eligible"": true, ""severity"": ""none"", ""status"": ""clean""}"
evt_f86e39f619cc,1FTFW1E86NKE45819,ford-f150-ontario,accident_history_assessed,2026-06-17T22:59:06-04:00,clutch_ford_f150_ontario_20260617_225906,"{""details"": ""no_accidents=0 accidents"", ""recommendation_eligible"": true, ""severity"": ""none"", ""status"": ""clean""}"
evt_15174f0cd8b3,1FTFW1E86NKD91289,ford-f150-ontario,accident_history_assessed,2026-06-17T22:59:06-04:00,clutch_ford_f150_ontario_20260617_225906,"{""details"": ""no_accidents=0 accidents"", ""recommendation_eligible"": true, ""severity"": ""none"", ""status"": ""clean""}"
evt_f5ddb2bbed16,1FTFW1E83NKF22937,ford-f150-ontario,accident_history_assessed,2026-06-17T22:59:06-04:00,clutch_ford_f150_ontario_20260617_225906,"{""details"": ""no_accidents=0 accidents"", ""recommendation_eligible"": true, ""severity"": ""none"", ""status"": ""clean""}"
evt_beab45d1a689,1FTEW1EPXNFB39637,ford-f150-ontario,accident_history_assessed,2026-06-17T22:59:06-04:00,clutch_ford_f150_ontario_20260617_225906,"{""details"": ""no_accidents=0 accidents"", ""recommendation_eligible"": true, ""severity"": ""none"", ""status"": ""clean""}"
evt_c0d6c3451f52,1FTEW1EP7NKF17825,ford-f150-ontario,accident_history_assessed,2026-06-17T22:59:06-04:00,clutch_ford_f150_ontario_20260617_225906,"{""details"": ""no_accidents=0 accidents"", ""recommendation_eligible"": true, ""severity"": ""none"", ""status"": ""clean""}"
evt_b697c934147e,1FTFW1ED9MFB39024,ford-f150-ontario,accident_history_assessed,2026-06-17T22:59:06-04:00,clutch_ford_f150_ontario_20260617_225906,"{""details"": ""no_accidents=0 accidents"", ""recommendation_eligible"": true, ""severity"": ""none"", ""status"": ""clean""}"
evt_03066f1f694f,1FTFW1E83MFB22044,ford-f150-ontario,accident_history_assessed,2026-06-17T22:59:06-04:00,clutch_ford_f150_ontario_20260617_225906,"{""details"": ""no_accidents=0 accidents"", ""recommendation_eligible"": true, ""severity"": ""none"", ""status"": ""clean""}"
evt_34243d092ea6,1FTFW1E80MFB22261,ford-f150-ontario,accident_history_assessed,2026-06-17T22:59:06-04:00,clutch_ford_f150_ontario_20260617_225906,"{""details"": ""no_accidents=0 accidents"", ""recommendation_eligible"": true, ""severity"": ""none"", ""status"": ""clean""}"
evt_191413ef05f6,1FTEW1EP2MFA74619,ford-f150-ontario,accident_history_assessed,2026-06-17T22:59:06-04:00,clutch_ford_f150_ontario_20260617_225906,"{""details"": ""no_accidents=0 accidents"", ""recommendation_eligible"": true, ""severity"": ""none"", ""status"": ""clean""}"
evt_166c64b1d46d,1FTFW1E87NKD85369,ford-f150-ontario,price_changed,2026-06-18T00:00:07-04:00,clutch_ford_f150_ontario_20260618_000007,"{""new_price_cad"": ""46890"", ""old_price_cad"": ""47190""}"
evt_d7a806991469,1FTFW1E8XNFB55365,ford-f150-ontario,price_changed,2026-06-18T00:00:07-04:00,clutch_ford_f150_ontario_20260618_000007,"{""new_price_cad"": ""46990"", ""old_price_cad"": ""46790""}"
evt_5abb6b1edbcf,1FTFW1ED3PFB50802,ford-f150-ontario,price_changed,2026-06-18T00:00:07-04:00,clutch_ford_f150_ontario_20260618_000007,"{""new_price_cad"": ""60490"", ""old_price_cad"": ""60190""}"
evt_7cc7d6da60db,1FTEW1EP2MFB72646,ford-f150-ontario,accident_history_assessed,2026-06-18T00:00:07-04:00,clutch_ford_f150_ontario_20260618_000007,"{""details"": ""no_accidents=0 accidents"", ""recommendation_eligible"": true, ""severity"": ""none"", ""status"": ""clean""}"
evt_8979efc14d3d,1FTEW1EP2MFB72646,ford-f150-ontario,vehicle_history_report_checked,2026-06-18T00:00:07-04:00,clutch_ford_f150_ontario_20260618_000007,"{""details"": ""vehicle_history_report.provider=carfax; vehicle_history_report.status=blocked; vehicle_history_report.summary=0 accidents; last registered in Ontario; not previously stolen. Full Carfax report could not be opened from Cloud scan because Clutch vehicle API returned 403."", ""provider"": ""carfax"", ""status"": ""blocked""}"
evt_4c320004206d,1FTEW1EP4PKE25977,ford-f150-ontario,vehicle_history_report_checked,2026-06-18T00:00:07-04:00,clutch_ford_f150_ontario_20260618_000007,"{""details"": ""vehicle_history_report.provider=carfax; vehicle_history_report.status=blocked; vehicle_history_report.summary=0 accidents; last registered in Ontario; not previously stolen. Full Carfax report could not be opened from Cloud scan because Clutch vehicle API returned 403."", ""provider"": ""carfax"", ""status"": ""blocked""}"
evt_bd51fce72a22,1FTEW1EP6NFA33444,ford-f150-ontario,vehicle_history_report_checked,2026-06-18T00:00:07-04:00,clutch_ford_f150_ontario_20260618_000007,"{""details"": ""vehicle_history_report.provider=carfax; vehicle_history_report.status=blocked; vehicle_history_report.summary=Single owner; last registered in Ontario; not previously stolen. Full Carfax report could not be opened from Cloud scan because Clutch vehicle API returned 403."", ""provider"": ""carfax"", ""status"": ""blocked""}"
evt_cc00885050c6,1FTFW1E83NKD64034,ford-f150-ontario,vehicle_history_report_checked,2026-06-18T00:00:07-04:00,clutch_ford_f150_ontario_20260618_000007,"{""details"": ""vehicle_history_report.provider=carfax; vehicle_history_report.status=blocked; vehicle_history_report.summary=Single owner; last registered in Ontario; not previously stolen. Full Carfax report could not be opened from Cloud scan because Clutch vehicle API returned 403."", ""provider"": ""carfax"", ""status"": ""blocked""}"
evt_f5ff5e0edc56,1FTFW1E87NKD85369,ford-f150-ontario,vehicle_history_report_checked,2026-06-18T00:00:07-04:00,clutch_ford_f150_ontario_20260618_000007,"{""details"": ""vehicle_history_report.provider=carfax; vehicle_history_report.status=blocked; vehicle_history_report.summary=Single owner; last registered in Ontario; not previously stolen. Full Carfax report could not be opened from Cloud scan because Clutch vehicle API returned 403."", ""provider"": ""carfax"", ""status"": ""blocked""}"
evt_91e2d9c86ed6,1FTFW1E8XNFB55365,ford-f150-ontario,vehicle_history_report_checked,2026-06-18T00:00:07-04:00,clutch_ford_f150_ontario_20260618_000007,"{""details"": ""vehicle_history_report.provider=carfax; vehicle_history_report.status=blocked; vehicle_history_report.summary=0 accidents; last registered in Ontario; not previously stolen. Full Carfax report could not be opened from Cloud scan because Clutch vehicle API returned 403."", ""provider"": ""carfax"", ""status"": ""blocked""}"
evt_3c278d64eb97,1FTFW1ED3PFB50802,ford-f150-ontario,vehicle_history_report_checked,2026-06-18T00:00:07-04:00,clutch_ford_f150_ontario_20260618_000007,"{""details"": ""vehicle_history_report.provider=carfax; vehicle_history_report.status=blocked; vehicle_history_report.summary=0 accidents; last registered in Ontario; not previously stolen. Full Carfax report could not be opened from Cloud scan because Clutch vehicle API returned 403."", ""provider"": ""carfax"", ""status"": ""blocked""}"
evt_1d7b6e014b19,1FTFW1ED7NFB35619,ford-f150-ontario,vehicle_history_report_checked,2026-06-18T00:00:07-04:00,clutch_ford_f150_ontario_20260618_000007,"{""details"": ""vehicle_history_report.provider=carfax; vehicle_history_report.status=blocked; vehicle_history_report.summary=0 accidents; last registered in Ontario; not previously stolen. Full Carfax report could not be opened from Cloud scan because Clutch vehicle API returned 403."", ""provider"": ""carfax"", ""status"": ""blocked""}"
evt_7d0a225dbde8,1FTEW1EP6NFA33444,ford-f150-ontario,maintenance_history_assessed,2026-06-18T00:00:07-04:00,clutch_ford_f150_ontario_20260618_000007,"{""details"": ""service_history.replaced_parts=['tires']"", ""locations_count"": null, ""recommendation_eligible"": true, ""records_count"": null, ""replaced_components_count"": 1, ""risk_level"": ""moderate"", ""status"": ""complex""}"
evt_4f5df4a7b483,1FTFW1E87NKD85369,ford-f150-ontario,maintenance_history_assessed,2026-06-18T00:00:07-04:00,clutch_ford_f150_ontario_20260618_000007,"{""details"": ""service_history.replaced_parts=['front brake pads', 'front rotors', 'rear brake pads', 'rear rotors']"", ""locations_count"": null, ""recommendation_eligible"": false, ""records_count"": null, ""replaced_components_count"": 4, ""risk_level"": ""high"", ""status"": ""complex""}"
evt_000653f7c69b,1FTEW1EP2MFA74619,ford-f150-ontario,price_changed,2026-06-18T17:05:52-04:00,clutch_ford_f150_ontario_20260618_170552,"{""new_price_cad"": ""38490"", ""old_price_cad"": ""38690""}"
evt_cad225bf6e9f,1FTEW1EP7NFB17238,ford-f150-ontario,price_changed,2026-06-18T17:05:52-04:00,clutch_ford_f150_ontario_20260618_170552,"{""new_price_cad"": ""44390"", ""old_price_cad"": ""44690""}"
evt_d76c8a957bef,1FTEW1EP7PKD72756,ford-f150-ontario,price_changed,2026-06-18T17:05:52-04:00,clutch_ford_f150_ontario_20260618_170552,"{""new_price_cad"": ""49990"", ""old_price_cad"": ""50290""}"
evt_7c7aba59cb4b,1FTEW1EPXPFC35464,ford-f150-ontario,price_changed,2026-06-18T17:05:52-04:00,clutch_ford_f150_ontario_20260618_170552,"{""new_price_cad"": ""51790"", ""old_price_cad"": ""51590""}"
evt_f9899ba960d0,1FTFW1E83MFB22044,ford-f150-ontario,price_changed,2026-06-18T17:05:52-04:00,clutch_ford_f150_ontario_20260618_170552,"{""new_price_cad"": ""39790"", ""old_price_cad"": ""39390""}"
evt_a316d3e84395,1FTFW1E85NFA75004,ford-f150-ontario,price_changed,2026-06-18T17:05:52-04:00,clutch_ford_f150_ontario_20260618_170552,"{""new_price_cad"": ""41390"", ""old_price_cad"": ""41090""}"
evt_be24717d9bc0,1FTFW1ED9MFB39024,ford-f150-ontario,price_changed,2026-06-18T17:05:52-04:00,clutch_ford_f150_ontario_20260618_170552,"{""new_price_cad"": ""38190"", ""old_price_cad"": ""37990""}"
evt_8a6499e20caa,1FTFW3L85RFB45931,ford-f150-ontario,price_changed,2026-06-18T17:05:52-04:00,clutch_ford_f150_ontario_20260618_170552,"{""new_price_cad"": ""56890"", ""old_price_cad"": ""57190""}"
evt_e6e27222816a,1FTEW1EP2MFA74619,ford-f150-ontario,vehicle_history_report_checked,2026-06-18T17:05:52-04:00,clutch_ford_f150_ontario_20260618_170552,"{""details"": ""vehicle_history_report.provider=carfax; vehicle_history_report.status=blocked; vehicle_history_report.summary=Visible Clutch inspection showed 0 accidents, last registered in Ontario, not previously stolen. Full Carfax report was not opened during Cloud scan."", ""provider"": ""carfax"", ""status"": ""blocked""}"
evt_5bfb5c849f99,1FTEW1EP2MFB72646,ford-f150-ontario,vehicle_history_report_checked,2026-06-18T17:05:52-04:00,clutch_ford_f150_ontario_20260618_170552,"{""details"": ""vehicle_history_report.provider=carfax; vehicle_history_report.status=blocked; vehicle_history_report.summary=Visible Clutch inspection showed 0 accidents, last registered in Ontario, not previously stolen. Full Carfax report was not opened during Cloud scan."", ""provider"": ""carfax"", ""status"": ""blocked""}"
evt_6ae0f644fd99,1FTEW1EP6NFA33444,ford-f150-ontario,vehicle_history_report_checked,2026-06-18T17:05:52-04:00,clutch_ford_f150_ontario_20260618_170552,"{""details"": ""vehicle_history_report.provider=carfax; vehicle_history_report.status=blocked; vehicle_history_report.summary=Visible Clutch inspection showed single owner, last registered in Ontario, not previously stolen. Full Carfax report was not opened during Cloud scan."", ""provider"": ""carfax"", ""status"": ""blocked""}"
evt_13c1d793aa72,1FTEW1EP2MFB72646,ford-f150-ontario,price_changed,2026-06-19T17:02:00-04:00,clutch_ford_f150_ontario_20260619_170200,"{""new_price_cad"": ""40290"", ""old_price_cad"": ""40690""}"
evt_42ff0d2e07dc,1FTEW1EP8PKF63957,ford-f150-ontario,listing_appeared,2026-06-19T17:02:00-04:00,clutch_ford_f150_ontario_20260619_170200,"{""listing_id"": ""112109"", ""price_cad"": ""56590""}"
evt_57cf73798683,1FTFW1E83NKF22937,ford-f150-ontario,price_changed,2026-06-19T17:02:00-04:00,clutch_ford_f150_ontario_20260619_170200,"{""new_price_cad"": ""41328"", ""old_price_cad"": ""41090""}"
evt_5067d35a9134,1FTFW1E86NKD91289,ford-f150-ontario,price_changed,2026-06-19T17:02:00-04:00,clutch_ford_f150_ontario_20260619_170200,"{""new_price_cad"": ""46790"", ""old_price_cad"": ""46390""}"
evt_ec4817501ff2,1FTFW1E8XNKF18044,ford-f150-ontario,listing_appeared,2026-06-19T17:02:00-04:00,clutch_ford_f150_ontario_20260619_170200,"{""listing_id"": ""111287"", ""price_cad"": ""42590""}"
evt_4cef0c11f494,1FTFW3L52SFA09378,ford-f150-ontario,price_changed,2026-06-19T17:02:00-04:00,clutch_ford_f150_ontario_20260619_170200,"{""new_price_cad"": ""62590"", ""old_price_cad"": ""62790""}"
evt_2dea12d612be,1FTEW1EP8PKF63957,ford-f150-ontario,accident_history_assessed,2026-06-19T17:02:00-04:00,clutch_ford_f150_ontario_20260619_170200,"{""details"": ""no_accidents=0 accidents"", ""recommendation_eligible"": true, ""severity"": ""none"", ""status"": ""clean""}"
evt_96233eba83b8,1FTFW1E8XNKF18044,ford-f150-ontario,accident_history_assessed,2026-06-19T17:02:00-04:00,clutch_ford_f150_ontario_20260619_170200,"{""details"": ""no_accidents=0 accidents"", ""recommendation_eligible"": true, ""severity"": ""none"", ""status"": ""clean""}"
evt_f086c78de312,1FTFW3L52SFA09378,ford-f150-ontario,vehicle_history_report_checked,2026-06-19T17:02:00-04:00,clutch_ford_f150_ontario_20260619_170200,"{""details"": ""vehicle_history_report.provider=carfax; vehicle_history_report.status=blocked; vehicle_history_report.summary=0 accidents; Single owner; last registered in Ontario; not previously stolen. Full Carfax report could not be opened from Cloud scan because Clutch vehicle API returned 403."", ""provider"": ""carfax"", ""status"": ""blocked""}"
evt_cbc214341ae4,1FTEW1EP8PKF63957,ford-f150-ontario,vehicle_history_report_checked,2026-06-19T17:02:00-04:00,clutch_ford_f150_ontario_20260619_170200,"{""details"": ""vehicle_history_report.provider=carfax; vehicle_history_report.status=blocked; vehicle_history_report.summary=0 accidents; last registered in Ontario; not previously stolen. Full Carfax report could not be opened from Cloud scan because Clutch vehicle API returned 403."", ""provider"": ""carfax"", ""status"": ""blocked""}"
evt_d23f0c59fb49,1FTFW1E8XNKF18044,ford-f150-ontario,vehicle_history_report_checked,2026-06-19T17:02:00-04:00,clutch_ford_f150_ontario_20260619_170200,"{""details"": ""vehicle_history_report.provider=carfax; vehicle_history_report.status=blocked; vehicle_history_report.summary=0 accidents; Single owner; last registered in Ontario; not previously stolen. Full Carfax report could not be opened from Cloud scan because Clutch vehicle API returned 403."", ""provider"": ""carfax"", ""status"": ""blocked""}"
evt_b29edd6ed407,1FTEW3LP1RKF39209,ford-f150-ontario,vehicle_history_report_checked,2026-06-19T17:02:00-04:00,clutch_ford_f150_ontario_20260619_170200,"{""details"": ""vehicle_history_report.provider=carfax; vehicle_history_report.status=blocked; vehicle_history_report.summary=0 accidents; Single owner; last registered in Ontario; not previously stolen. Full Carfax report could not be opened from Cloud scan because Clutch vehicle API returned 403."", ""provider"": ""carfax"", ""status"": ""blocked""}"
evt_14b45f575e54,1FTFW1E86NKE45819,ford-f150-ontario,vehicle_history_report_checked,2026-06-19T17:02:00-04:00,clutch_ford_f150_ontario_20260619_170200,"{""details"": ""vehicle_history_report.provider=carfax; vehicle_history_report.status=blocked; vehicle_history_report.summary=0 accidents; last registered in Ontario; not previously stolen. Full Carfax report could not be opened from Cloud scan because Clutch vehicle API returned 403."", ""provider"": ""carfax"", ""status"": ""blocked""}"
evt_9728ba1245cc,1FTFW1E52PKE89874,ford-f150-ontario,vehicle_history_report_checked,2026-06-19T17:02:00-04:00,clutch_ford_f150_ontario_20260619_170200,"{""details"": ""vehicle_history_report.provider=carfax; vehicle_history_report.status=blocked; vehicle_history_report.summary=Single owner; last registered in Ontario; not previously stolen. Full Carfax report could not be opened from Cloud scan because Clutch vehicle API returned 403."", ""provider"": ""carfax"", ""status"": ""blocked""}"
evt_d7ac1b3c15a5,1FTEW3LP4SKD88226,ford-f150-ontario,vehicle_history_report_checked,2026-06-19T17:02:00-04:00,clutch_ford_f150_ontario_20260619_170200,"{""details"": ""vehicle_history_report.provider=carfax; vehicle_history_report.status=blocked; vehicle_history_report.summary=0 accidents; Single owner; last registered in Ontario; not previously stolen. Full Carfax report could not be opened from Cloud scan because Clutch vehicle API returned 403."", ""provider"": ""carfax"", ""status"": ""blocked""}"
evt_9932e6f837ef,1FTFW3L85RFB45931,ford-f150-ontario,vehicle_history_report_checked,2026-06-19T17:02:00-04:00,clutch_ford_f150_ontario_20260619_170200,"{""details"": ""vehicle_history_report.provider=carfax; vehicle_history_report.status=blocked; vehicle_history_report.summary=last registered in Ontario; not previously stolen. Full Carfax report could not be opened from Cloud scan because Clutch vehicle API returned 403."", ""provider"": ""carfax"", ""status"": ""blocked""}"
evt_2f458cd76d95,1FTFW1ED3PFB05472,ford-f150-ontario,vehicle_history_report_checked,2026-06-19T17:02:00-04:00,clutch_ford_f150_ontario_20260619_170200,"{""details"": ""vehicle_history_report.provider=carfax; vehicle_history_report.status=blocked; vehicle_history_report.summary=0 accidents; Single owner; last registered in Ontario; not previously stolen. Full Carfax report could not be opened from Cloud scan because Clutch vehicle API returned 403."", ""provider"": ""carfax"", ""status"": ""blocked""}"
evt_011551ca3d23,1FTEW1EP7PKD72756,ford-f150-ontario,vehicle_history_report_checked,2026-06-19T17:02:00-04:00,clutch_ford_f150_ontario_20260619_170200,"{""details"": ""vehicle_history_report.provider=carfax; vehicle_history_report.status=blocked; vehicle_history_report.summary=0 accidents; Single owner; last registered in Ontario; not previously stolen. Full Carfax report could not be opened from Cloud scan because Clutch vehicle API returned 403."", ""provider"": ""carfax"", ""status"": ""blocked""}"
evt_0e52ce133030,1FTEW1EPXPFC35464,ford-f150-ontario,vehicle_history_report_checked,2026-06-19T17:02:00-04:00,clutch_ford_f150_ontario_20260619_170200,"{""details"": ""vehicle_history_report.provider=carfax; vehicle_history_report.status=blocked; vehicle_history_report.summary=0 accidents; Single owner; last registered in Ontario; not previously stolen. Full Carfax report could not be opened from Cloud scan because Clutch vehicle API returned 403."", ""provider"": ""carfax"", ""status"": ""blocked""}"
evt_1326a5aeaeae,1FTEW1EPXPKD47088,ford-f150-ontario,vehicle_history_report_checked,2026-06-19T17:02:00-04:00,clutch_ford_f150_ontario_20260619_170200,"{""details"": ""vehicle_history_report.provider=carfax; vehicle_history_report.status=blocked; vehicle_history_report.summary=0 accidents; last registered in Ontario; not previously stolen. Full Carfax report could not be opened from Cloud scan because Clutch vehicle API returned 403."", ""provider"": ""carfax"", ""status"": ""blocked""}"
evt_a0a2d0105f92,1FTEW2LP7RKE96537,ford-f150-ontario,vehicle_history_report_checked,2026-06-19T17:02:00-04:00,clutch_ford_f150_ontario_20260619_170200,"{""details"": ""vehicle_history_report.provider=carfax; vehicle_history_report.status=blocked; vehicle_history_report.summary=0 accidents; Single owner; last registered in Ontario; not previously stolen. Full Carfax report could not be opened from Cloud scan because Clutch vehicle API returned 403."", ""provider"": ""carfax"", ""status"": ""blocked""}"
evt_ab53f3a01f20,1FTEW1EP2MFB72646,ford-f150-ontario,vehicle_history_report_checked,2026-06-19T17:02:00-04:00,clutch_ford_f150_ontario_20260619_170200,"{""details"": ""vehicle_history_report.provider=carfax; vehicle_history_report.status=blocked; vehicle_history_report.summary=0 accidents; last registered in Ontario; not previously stolen. Full Carfax report could not be opened from Cloud scan because Clutch vehicle API returned 403."", ""provider"": ""carfax"", ""status"": ""blocked""}"
evt_abf344628def,1FTFW1E80MFB22261,ford-f150-ontario,vehicle_history_report_checked,2026-06-19T17:02:00-04:00,clutch_ford_f150_ontario_20260619_170200,"{""details"": ""vehicle_history_report.provider=carfax; vehicle_history_report.status=blocked; vehicle_history_report.summary=0 accidents; last registered in Ontario; not previously stolen. Full Carfax report could not be opened from Cloud scan because Clutch vehicle API returned 403."", ""provider"": ""carfax"", ""status"": ""blocked""}"
evt_fcb80c160b7c,1FTEW1EP2MFA74619,ford-f150-ontario,vehicle_history_report_checked,2026-06-19T17:02:00-04:00,clutch_ford_f150_ontario_20260619_170200,"{""details"": ""vehicle_history_report.provider=carfax; vehicle_history_report.status=blocked; vehicle_history_report.summary=0 accidents; last registered in Ontario; not previously stolen. Full Carfax report could not be opened from Cloud scan because Clutch vehicle API returned 403."", ""provider"": ""carfax"", ""status"": ""blocked""}"
evt_f68d3e7a1dec,1FTFW1ED9MFB39024,ford-f150-ontario,vehicle_history_report_checked,2026-06-19T17:02:00-04:00,clutch_ford_f150_ontario_20260619_170200,"{""details"": ""vehicle_history_report.provider=carfax; vehicle_history_report.status=blocked; vehicle_history_report.summary=0 accidents; last registered in Ontario; not previously stolen. Full Carfax report could not be opened from Cloud scan because Clutch vehicle API returned 403."", ""provider"": ""carfax"", ""status"": ""blocked""}"
evt_659fdedef4bf,1FTFW1E86NKD91289,ford-f150-ontario,vehicle_history_report_checked,2026-06-19T17:02:00-04:00,clutch_ford_f150_ontario_20260619_170200,"{""details"": ""vehicle_history_report.provider=carfax; vehicle_history_report.status=blocked; vehicle_history_report.summary=0 accidents; Single owner; last registered in Ontario; not previously stolen. Full Carfax report could not be opened from Cloud scan because Clutch vehicle API returned 403."", ""provider"": ""carfax"", ""status"": ""blocked""}"
evt_c7c038622cff,1FTFW1E83NKF22937,ford-f150-ontario,vehicle_history_report_checked,2026-06-19T17:02:00-04:00,clutch_ford_f150_ontario_20260619_170200,"{""details"": ""vehicle_history_report.provider=carfax; vehicle_history_report.status=blocked; vehicle_history_report.summary=0 accidents; Single owner; last registered in Ontario; not previously stolen. Full Carfax report could not be opened from Cloud scan because Clutch vehicle API returned 403."", ""provider"": ""carfax"", ""status"": ""blocked""}"
evt_04e765f8166f,1FTEW1EPXPKD47088,ford-f150-ontario,maintenance_history_assessed,2026-06-19T17:02:00-04:00,clutch_ford_f150_ontario_20260619_170200,"{""details"": ""service_history.replaced_parts=['tires']"", ""locations_count"": null, ""recommendation_eligible"": true, ""records_count"": null, ""replaced_components_count"": 1, ""risk_level"": ""moderate"", ""status"": ""complex""}"
evt_3d9b57508621,1FTFW1ED9MFB39024,ford-f150-ontario,maintenance_history_assessed,2026-06-19T17:02:00-04:00,clutch_ford_f150_ontario_20260619_170200,"{""details"": ""service_history.replaced_parts=['tires']"", ""locations_count"": null, ""recommendation_eligible"": true, ""records_count"": null, ""replaced_components_count"": 1, ""risk_level"": ""moderate"", ""status"": ""complex""}"
evt_3e61517b2e80,1FTFW1E86NKD91289,ford-f150-ontario,maintenance_history_assessed,2026-06-19T17:02:00-04:00,clutch_ford_f150_ontario_20260619_170200,"{""details"": ""service_history.replaced_parts=['tires']"", ""locations_count"": null, ""recommendation_eligible"": true, ""records_count"": null, ""replaced_components_count"": 1, ""risk_level"": ""moderate"", ""status"": ""complex""}"
evt_416208990c73,1FTEW1EP2MFA74619,ford-f150-ontario,price_changed,2026-06-20T17:04:30-04:00,clutch_ford_f150_ontario_20260620_170430,"{""new_price_cad"": ""38690"", ""old_price_cad"": ""38490""}"
evt_52c70477f56c,1FTFW1E85NFA75004,ford-f150-ontario,price_changed,2026-06-20T17:04:30-04:00,clutch_ford_f150_ontario_20260620_170430,"{""new_price_cad"": ""41090"", ""old_price_cad"": ""41390""}"
evt_dcbf73ff3db8,1FTFW1E86PFC74145,ford-f150-ontario,price_changed,2026-06-20T17:04:30-04:00,clutch_ford_f150_ontario_20260620_170430,"{""new_price_cad"": ""51590"", ""old_price_cad"": ""51890""}"
evt_1f476b35dbaa,1FTFW1E8XNFB55365,ford-f150-ontario,price_changed,2026-06-20T17:04:30-04:00,clutch_ford_f150_ontario_20260620_170430,"{""new_price_cad"": ""46790"", ""old_price_cad"": ""46990""}"
evt_7c843e3d55e9,1FTFW1E8XNKF18044,ford-f150-ontario,price_changed,2026-06-20T17:04:30-04:00,clutch_ford_f150_ontario_20260620_170430,"{""new_price_cad"": ""42890"", ""old_price_cad"": ""42590""}"
evt_f7bcba07991e,1FTFW1ED6PFA97626,ford-f150-ontario,price_changed,2026-06-20T17:04:30-04:00,clutch_ford_f150_ontario_20260620_170430,"{""new_price_cad"": ""50190"", ""old_price_cad"": ""50490""}"
evt_c15ffbffd5c6,1FTFW3L85RFB45931,ford-f150-ontario,price_changed,2026-06-20T17:04:30-04:00,clutch_ford_f150_ontario_20260620_170430,"{""new_price_cad"": ""57190"", ""old_price_cad"": ""56890""}"
evt_ec3b8ce48e2d,1FTFW1E8XNKF18044,ford-f150-ontario,vehicle_history_report_checked,2026-06-20T17:04:30-04:00,clutch_ford_f150_ontario_20260620_170430,"{""details"": ""vehicle_history_report.provider=carfax; vehicle_history_report.status=blocked; vehicle_history_report.summary=0 accidents; single owner; last registered in Ontario; not previously stolen. Full Carfax report could not be opened from Cloud scan because Clutch vehicle API returned 403."", ""provider"": ""carfax"", ""status"": ""blocked""}"
evt_ccc071978606,1FTEW1EPXPFC35464,ford-f150-ontario,vehicle_history_report_checked,2026-06-20T17:04:30-04:00,clutch_ford_f150_ontario_20260620_170430,"{""details"": ""vehicle_history_report.provider=carfax; vehicle_history_report.status=blocked; vehicle_history_report.summary=0 accidents; single owner; last registered in Ontario; not previously stolen. Full Carfax report could not be opened from Cloud scan because Clutch vehicle API returned 403."", ""provider"": ""carfax"", ""status"": ""blocked""}"
evt_a98a6cda9a5e,1FTFW1E86PFC74145,ford-f150-ontario,vehicle_history_report_checked,2026-06-20T17:04:30-04:00,clutch_ford_f150_ontario_20260620_170430,"{""details"": ""vehicle_history_report.provider=carfax; vehicle_history_report.status=blocked; vehicle_history_report.summary=0 accidents; single owner; last registered in Ontario; not previously stolen. Full Carfax report could not be opened from Cloud scan because Clutch vehicle API returned 403."", ""provider"": ""carfax"", ""status"": ""blocked""}"
evt_ebab16849a07,1FTEW1EP7PKD72756,ford-f150-ontario,vehicle_history_report_checked,2026-06-20T17:04:30-04:00,clutch_ford_f150_ontario_20260620_170430,"{""details"": ""vehicle_history_report.provider=carfax; vehicle_history_report.status=blocked; vehicle_history_report.summary=0 accidents; 0 open recalls found; single owner; last registered in Ontario; not previously stolen. Full Carfax report could not be opened from Cloud scan because Clutch vehicle API returned 403."", ""provider"": ""carfax"", ""status"": ""blocked""}"
evt_9fbf62da3836,1FTEW3LP4SKD88226,ford-f150-ontario,vehicle_history_report_checked,2026-06-20T17:04:30-04:00,clutch_ford_f150_ontario_20260620_170430,"{""details"": ""vehicle_history_report.provider=carfax; vehicle_history_report.status=blocked; vehicle_history_report.summary=0 accidents; 0 open recalls found; single owner; last registered in Ontario; not previously stolen. Full Carfax report could not be opened from Cloud scan because Clutch vehicle API returned 403."", ""provider"": ""carfax"", ""status"": ""blocked""}"
evt_e1454142235d,1FTFW1E86NKD91289,ford-f150-ontario,vehicle_history_report_checked,2026-06-20T17:04:30-04:00,clutch_ford_f150_ontario_20260620_170430,"{""details"": ""vehicle_history_report.provider=carfax; vehicle_history_report.status=blocked; vehicle_history_report.summary=0 accidents; new tires; last registered in Ontario; not previously stolen. Full Carfax report could not be opened from Cloud scan because Clutch vehicle API returned 403."", ""provider"": ""carfax"", ""status"": ""blocked""}"
evt_5b8b67fc78e6,1FTEW3LP1RKF39209,ford-f150-ontario,vehicle_history_report_checked,2026-06-20T17:04:30-04:00,clutch_ford_f150_ontario_20260620_170430,"{""details"": ""vehicle_history_report.provider=carfax; vehicle_history_report.status=blocked; vehicle_history_report.summary=0 accidents; single owner; last registered in Ontario; not previously stolen. Full Carfax report could not be opened from Cloud scan because Clutch vehicle API returned 403."", ""provider"": ""carfax"", ""status"": ""blocked""}"
evt_31e9f36ca08d,1FTFW3L85RFB45931,ford-f150-ontario,vehicle_history_report_checked,2026-06-20T17:04:30-04:00,clutch_ford_f150_ontario_20260620_170430,"{""details"": ""vehicle_history_report.provider=carfax; vehicle_history_report.status=blocked; vehicle_history_report.summary=0 open recalls found; new tires; last registered in Ontario; not previously stolen. Full Carfax report could not be opened from Cloud scan because Clutch vehicle API returned 403."", ""provider"": ""carfax"", ""status"": ""blocked""}"
evt_45d8ac5a5f73,1FTFW1E85NFA75004,ford-f150-ontario,vehicle_history_report_checked,2026-06-20T17:04:30-04:00,clutch_ford_f150_ontario_20260620_170430,"{""details"": ""vehicle_history_report.provider=carfax; vehicle_history_report.status=blocked; vehicle_history_report.summary=Last registered in Ontario; not previously stolen. Full Carfax report could not be opened from Cloud scan because Clutch vehicle API returned 403."", ""provider"": ""carfax"", ""status"": ""blocked""}"
evt_ba3d0ad8f9ed,1FTEW1EP2MFA74619,ford-f150-ontario,vehicle_history_report_checked,2026-06-20T17:04:30-04:00,clutch_ford_f150_ontario_20260620_170430,"{""details"": ""vehicle_history_report.provider=carfax; vehicle_history_report.status=blocked; vehicle_history_report.summary=0 accidents; front and rear brakes replaced; last registered in Ontario; not previously stolen. Full Carfax report could not be opened from Cloud scan because Clutch vehicle API returned 403."", ""provider"": ""carfax"", ""status"": ""blocked""}"
evt_ee1ec72bbc50,1FTEW1EPXPKD47088,ford-f150-ontario,vehicle_history_report_checked,2026-06-20T17:04:30-04:00,clutch_ford_f150_ontario_20260620_170430,"{""details"": ""vehicle_history_report.provider=carfax; vehicle_history_report.status=blocked; vehicle_history_report.summary=0 accidents; new tires; last registered in Ontario; not previously stolen. Full Carfax report could not be opened from Cloud scan because Clutch vehicle API returned 403."", ""provider"": ""carfax"", ""status"": ""blocked""}"
evt_d1fb7d4e4ef2,1FTFW1ED3PFB05472,ford-f150-ontario,vehicle_history_report_checked,2026-06-20T17:04:30-04:00,clutch_ford_f150_ontario_20260620_170430,"{""details"": ""vehicle_history_report.provider=carfax; vehicle_history_report.status=blocked; vehicle_history_report.summary=0 accidents; 0 open recalls found; single owner; last registered in Ontario; not previously stolen. Full Carfax report could not be opened from Cloud scan because Clutch vehicle API returned 403."", ""provider"": ""carfax"", ""status"": ""blocked""}"
evt_1ed5f5916ea3,1FTFW1ED6PFA97626,ford-f150-ontario,vehicle_history_report_checked,2026-06-20T17:04:30-04:00,clutch_ford_f150_ontario_20260620_170430,"{""details"": ""vehicle_history_report.provider=carfax; vehicle_history_report.status=blocked; vehicle_history_report.summary=Single owner; last registered in Ontario; not previously stolen. Full Carfax report could not be opened from Cloud scan because Clutch vehicle API returned 403."", ""provider"": ""carfax"", ""status"": ""blocked""}"
evt_65b7aaaf03ed,1FTFW3L85RFB45931,ford-f150-ontario,maintenance_history_assessed,2026-06-20T17:04:30-04:00,clutch_ford_f150_ontario_20260620_170430,"{""details"": ""service_history.replaced_parts=['tires']"", ""locations_count"": null, ""recommendation_eligible"": true, ""records_count"": null, ""replaced_components_count"": 1, ""risk_level"": ""moderate"", ""status"": ""complex""}"
evt_752419e456b7,1FTEW1EP2MFA74619,ford-f150-ontario,maintenance_history_assessed,2026-06-20T17:04:30-04:00,clutch_ford_f150_ontario_20260620_170430,"{""details"": ""service_history.replaced_parts=['front brake pads', 'front rotors', 'rear brake pads', 'rear rotors']"", ""locations_count"": null, ""recommendation_eligible"": false, ""records_count"": null, ""replaced_components_count"": 4, ""risk_level"": ""high"", ""status"": ""complex""}"
evt_58ff720e427d,1FTEW1EP6NFB38291,ford-f150-ontario,listing_appeared,2026-06-21T17:02:47-04:00,clutch_ford_f150_ontario_20260621_170247,"{""listing_id"": ""08796"", ""price_cad"": ""44590""}"
evt_edf6e90102c9,1FTEW1EP6PFC39673,ford-f150-ontario,listing_appeared,2026-06-21T17:02:47-04:00,clutch_ford_f150_ontario_20260621_170247,"{""listing_id"": ""98551"", ""price_cad"": ""46190""}"
evt_f06359f626b4,1FTFW1E86NKE45619,ford-f150-ontario,listing_appeared,2026-06-21T17:02:47-04:00,clutch_ford_f150_ontario_20260621_170247,"{""listing_id"": ""106890"", ""price_cad"": ""46790""}"
evt_1b4bd50bbfae,1FTEW1EP6NFB38291,ford-f150-ontario,accident_history_assessed,2026-06-21T17:02:47-04:00,clutch_ford_f150_ontario_20260621_170247,"{""details"": ""no_accidents=0 accidents"", ""recommendation_eligible"": true, ""severity"": ""none"", ""status"": ""clean""}"
evt_27fc6cd79d2d,1FTFW1E86NKE45619,ford-f150-ontario,accident_history_assessed,2026-06-21T17:02:47-04:00,clutch_ford_f150_ontario_20260621_170247,"{""details"": ""no_accidents=0 accidents"", ""recommendation_eligible"": true, ""severity"": ""none"", ""status"": ""clean""}"
evt_8fd782efd3a7,1FTEW1EP6PFC39673,ford-f150-ontario,accident_history_assessed,2026-06-21T17:02:47-04:00,clutch_ford_f150_ontario_20260621_170247,"{""details"": ""no_accidents=0 accidents"", ""recommendation_eligible"": true, ""severity"": ""none"", ""status"": ""clean""}"
evt_fde61ec75133,1FTEW1EP6NFB38291,ford-f150-ontario,vehicle_history_report_checked,2026-06-21T17:02:47-04:00,clutch_ford_f150_ontario_20260621_170247,"{""details"": ""vehicle_history_report.provider=carfax; vehicle_history_report.status=blocked; vehicle_history_report.summary=0 accidents reported by Carfax; last registered in Ontario. Full Carfax report was not opened in the Cloud browser partial scan."", ""provider"": ""carfax"", ""status"": ""blocked""}"
evt_bd8505b5b21a,1FTFW1E86NKE45619,ford-f150-ontario,vehicle_history_report_checked,2026-06-21T17:02:47-04:00,clutch_ford_f150_ontario_20260621_170247,"{""details"": ""vehicle_history_report.provider=carfax; vehicle_history_report.status=blocked; vehicle_history_report.summary=0 accidents reported by Carfax; last registered in Ontario. Full Carfax report was not opened in the Cloud browser partial scan."", ""provider"": ""carfax"", ""status"": ""blocked""}"
evt_594d10507fdd,1FTEW1EP6PFC39673,ford-f150-ontario,vehicle_history_report_checked,2026-06-21T17:02:47-04:00,clutch_ford_f150_ontario_20260621_170247,"{""details"": ""vehicle_history_report.provider=carfax; vehicle_history_report.status=blocked; vehicle_history_report.summary=0 accidents reported by Carfax; last registered in Ontario. Full Carfax report was not opened in the Cloud browser partial scan."", ""provider"": ""carfax"", ""status"": ""blocked""}"
evt_b56449d6606d,1FTEW1EPXPFA24040,ford-f150-ontario,listing_appeared,2026-06-22T17:19:12-04:00,clutch_ford_f150_ontario_20260622_171912,"{""listing_id"": ""90298"", ""price_cad"": ""38090""}"
evt_b135918181b6,1FTFW1E83PFA24247,ford-f150-ontario,listing_appeared,2026-06-22T17:19:12-04:00,clutch_ford_f150_ontario_20260622_171912,"{""listing_id"": ""84860"", ""price_cad"": ""33590""}"
evt_b2d4fa72476c,1FTEW1EPXPFA24040,ford-f150-ontario,accident_history_assessed,2026-06-22T17:19:12-04:00,clutch_ford_f150_ontario_20260622_171912,"{""details"": ""no_accidents=True"", ""recommendation_eligible"": true, ""severity"": ""none"", ""status"": ""clean""}"
evt_8ae9e821cad6,1FTFW1E83PFA24247,ford-f150-ontario,accident_history_assessed,2026-06-22T17:19:12-04:00,clutch_ford_f150_ontario_20260622_171912,"{""details"": ""no_accidents=True"", ""recommendation_eligible"": true, ""severity"": ""none"", ""status"": ""clean""}"
evt_a096e171f196,1FTEW1EPXPFA24040,ford-f150-ontario,vehicle_history_report_checked,2026-06-22T17:19:12-04:00,clutch_ford_f150_ontario_20260622_171912,"{""details"": ""vehicle_history_report.provider=carfax; vehicle_history_report.status=blocked; vehicle_history_report.summary=No accidents reported by Carfax; last registered in Ontario. Full Carfax report was not opened during this partial browser scan."", ""provider"": ""carfax"", ""status"": ""blocked""}"
evt_32e894188547,1FTFW1E83PFA24247,ford-f150-ontario,vehicle_history_report_checked,2026-06-22T17:19:12-04:00,clutch_ford_f150_ontario_20260622_171912,"{""details"": ""vehicle_history_report.provider=carfax; vehicle_history_report.status=blocked; vehicle_history_report.summary=No accidents reported by Carfax; last registered in Ontario. Full Carfax report was not opened during this partial browser scan."", ""provider"": ""carfax"", ""status"": ""blocked""}"
evt_24e331dc472b,1FTEW1EPXPFA24040,ford-f150-ontario,maintenance_history_assessed,2026-06-22T17:19:12-04:00,clutch_ford_f150_ontario_20260622_171912,"{""details"": ""service_history.replaced_parts=['brake pads', 'rotors']"", ""locations_count"": null, ""recommendation_eligible"": true, ""records_count"": null, ""replaced_components_count"": 2, ""risk_level"": ""moderate"", ""status"": ""complex""}"
evt_050b72bdaf2e,1FTEW1EB7MKE78706,ford-f150-ontario,listing_appeared,2026-07-26T17:13:39-04:00,clutch_ford_f150_ontario_20260726_171339,"{""listing_id"": ""115256"", ""price_cad"": ""36490""}"
evt_986ed4cd86ca,1FTEW1EP0PFA33281,ford-f150-ontario,listing_appeared,2026-07-26T17:13:39-04:00,clutch_ford_f150_ontario_20260726_171339,"{""listing_id"": ""101301"", ""price_cad"": ""46090""}"
evt_c4021d23ab89,1FTEW1EP0PKE73329,ford-f150-ontario,price_changed,2026-07-26T17:13:39-04:00,clutch_ford_f150_ontario_20260726_171339,"{""new_price_cad"": ""48990"", ""old_price_cad"": ""50290""}"
evt_8754b2e3342f,1FTEW1EP1NKD53701,ford-f150-ontario,listing_appeared,2026-07-26T17:13:39-04:00,clutch_ford_f150_ontario_20260726_171339,"{""listing_id"": ""114173"", ""price_cad"": ""40490""}"
evt_3206040ceb9d,1FTEW1EP1PFA37193,ford-f150-ontario,listing_appeared,2026-07-26T17:13:39-04:00,clutch_ford_f150_ontario_20260726_171339,"{""listing_id"": ""117344"", ""price_cad"": ""47490""}"
evt_46749ad486b6,1FTEW1EP2MFA74619,ford-f150-ontario,price_changed,2026-07-26T17:13:39-04:00,clutch_ford_f150_ontario_20260726_171339,"{""new_price_cad"": ""37690"", ""old_price_cad"": ""38690""}"
evt_ccdfb6c7ec16,1FTEW1EP2PFA81705,ford-f150-ontario,listing_appeared,2026-07-26T17:13:39-04:00,clutch_ford_f150_ontario_20260726_171339,"{""listing_id"": ""117153"", ""price_cad"": ""48390""}"
evt_421b7e38ab73,1FTEW1EP4NKD78902,ford-f150-ontario,listing_appeared,2026-07-26T17:13:39-04:00,clutch_ford_f150_ontario_20260726_171339,"{""listing_id"": ""111339"", ""price_cad"": ""50190""}"
evt_e8cf3b8626e6,1FTEW1EP5PKF33024,ford-f150-ontario,listing_appeared,2026-07-26T17:13:39-04:00,clutch_ford_f150_ontario_20260726_171339,"{""listing_id"": ""114323"", ""price_cad"": ""56190""}"
evt_20eae43c07db,1FTEW1EP6PFC39673,ford-f150-ontario,price_changed,2026-07-26T17:13:39-04:00,clutch_ford_f150_ontario_20260726_171339,"{""new_price_cad"": ""43590"", ""old_price_cad"": ""46190""}"
evt_95a9757b2958,1FTEW1EP6PKF51905,ford-f150-ontario,listing_appeared,2026-07-26T17:13:39-04:00,clutch_ford_f150_ontario_20260726_171339,"{""listing_id"": ""117879"", ""price_cad"": ""55490""}"
evt_d0b398459297,1FTEW1EP7NFB17319,ford-f150-ontario,listing_appeared,2026-07-26T17:13:39-04:00,clutch_ford_f150_ontario_20260726_171339,"{""listing_id"": ""107982"", ""price_cad"": ""45890""}"
evt_2507283614a5,1FTEW1EP7PKD72756,ford-f150-ontario,price_changed,2026-07-26T17:13:39-04:00,clutch_ford_f150_ontario_20260726_171339,"{""new_price_cad"": ""49390"", ""old_price_cad"": ""49990""}"
evt_62ab02463cde,1FTEW1EP8PFA03638,ford-f150-ontario,listing_appeared,2026-07-26T17:13:39-04:00,clutch_ford_f150_ontario_20260726_171339,"{""listing_id"": ""102676"", ""price_cad"": ""46490""}"
evt_073c8b8aef40,1FTEW1EP9NFA33678,ford-f150-ontario,listing_appeared,2026-07-26T17:13:39-04:00,clutch_ford_f150_ontario_20260726_171339,"{""listing_id"": ""116555"", ""price_cad"": ""41890""}"
evt_5bd70bc9b9c0,1FTEW1EPXPFA89812,ford-f150-ontario,listing_appeared,2026-07-26T17:13:39-04:00,clutch_ford_f150_ontario_20260726_171339,"{""listing_id"": ""104373"", ""price_cad"": ""46390""}"
evt_4aa588a060dd,1FTEW1EPXPKD47088,ford-f150-ontario,price_changed,2026-07-26T17:13:39-04:00,clutch_ford_f150_ontario_20260726_171339,"{""new_price_cad"": ""51590"", ""old_price_cad"": ""53890""}"
evt_ceabdd895913,1FTEW2LP7RKE96537,ford-f150-ontario,price_changed,2026-07-26T17:13:39-04:00,clutch_ford_f150_ontario_20260726_171339,"{""new_price_cad"": ""47490"", ""old_price_cad"": ""49590""}"
evt_2c6fe19044d7,1FTEW2LP8RKE43667,ford-f150-ontario,listing_appeared,2026-07-26T17:13:39-04:00,clutch_ford_f150_ontario_20260726_171339,"{""listing_id"": ""99252"", ""price_cad"": ""46590""}"
evt_7ba5a671b3c8,1FTEW3LP1RKF39209,ford-f150-ontario,price_changed,2026-07-26T17:13:39-04:00,clutch_ford_f150_ontario_20260726_171339,"{""new_price_cad"": ""53590"", ""old_price_cad"": ""54790""}"
evt_018057de5865,1FTEW3LP2RFC06185,ford-f150-ontario,listing_appeared,2026-07-26T17:13:39-04:00,clutch_ford_f150_ontario_20260726_171339,"{""listing_id"": ""116178"", ""price_cad"": ""51590""}"
evt_e5f273319e3c,1FTEW3LPXRKF42433,ford-f150-ontario,price_changed,2026-07-26T17:13:39-04:00,clutch_ford_f150_ontario_20260726_171339,"{""new_price_cad"": ""49590"", ""old_price_cad"": ""51890""}"
evt_6bbd37f760e2,1FTFW1E51PKE06046,ford-f150-ontario,listing_appeared,2026-07-26T17:13:39-04:00,clutch_ford_f150_ontario_20260726_171339,"{""listing_id"": ""101408"", ""price_cad"": ""53390""}"
evt_f21b21344e13,1FTFW1E52PKE89874,ford-f150-ontario,price_changed,2026-07-26T17:13:39-04:00,clutch_ford_f150_ontario_20260726_171339,"{""new_price_cad"": ""51790"", ""old_price_cad"": ""53190""}"
evt_ef233799855a,1FTFW1E80MFB22261,ford-f150-ontario,price_changed,2026-07-26T17:13:39-04:00,clutch_ford_f150_ontario_20260726_171339,"{""new_price_cad"": ""39090"", ""old_price_cad"": ""39590""}"
evt_ef397fc1e4d3,1FTFW1E82NFA38086,ford-f150-ontario,listing_appeared,2026-07-26T17:13:39-04:00,clutch_ford_f150_ontario_20260726_171339,"{""listing_id"": ""114592"", ""price_cad"": ""43390""}"
evt_33dff177ade8,1FTFW1E83NKD64034,ford-f150-ontario,price_changed,2026-07-26T17:13:39-04:00,clutch_ford_f150_ontario_20260726_171339,"{""new_price_cad"": ""50890"", ""old_price_cad"": ""52490""}"
evt_c30d527acbe9,1FTFW1E83NKF22937,ford-f150-ontario,price_changed,2026-07-26T17:13:39-04:00,clutch_ford_f150_ontario_20260726_171339,"{""new_price_cad"": ""39690"", ""old_price_cad"": ""41328""}"
evt_1a892c99bd67,1FTFW1E85NFA75004,ford-f150-ontario,price_changed,2026-07-26T17:13:39-04:00,clutch_ford_f150_ontario_20260726_171339,"{""new_price_cad"": ""40090"", ""old_price_cad"": ""41090""}"
evt_af844e6152c5,1FTFW1E86PFC74145,ford-f150-ontario,price_changed,2026-07-26T17:13:39-04:00,clutch_ford_f150_ontario_20260726_171339,"{""new_price_cad"": ""50690"", ""old_price_cad"": ""51590""}"
evt_1f7f61ee1488,1FTFW1E87NFC44455,ford-f150-ontario,listing_appeared,2026-07-26T17:13:39-04:00,clutch_ford_f150_ontario_20260726_171339,"{""listing_id"": ""100034"", ""price_cad"": ""46490""}"
evt_a4ab6d38fddc,1FTFW1E87NKD85369,ford-f150-ontario,price_changed,2026-07-26T17:13:39-04:00,clutch_ford_f150_ontario_20260726_171339,"{""new_price_cad"": ""45190"", ""old_price_cad"": ""46890""}"
evt_bd8ffbce02e0,1FTFW1ED3PFB05472,ford-f150-ontario,price_changed,2026-07-26T17:13:39-04:00,clutch_ford_f150_ontario_20260726_171339,"{""new_price_cad"": ""52690"", ""old_price_cad"": ""53790""}"
evt_97ce61f7669f,1FTFW1ED3PFB50802,ford-f150-ontario,price_changed,2026-07-26T17:13:39-04:00,clutch_ford_f150_ontario_20260726_171339,"{""new_price_cad"": ""57690"", ""old_price_cad"": ""60490""}"
evt_56e25c03c8ca,1FTFW3L85RFB45931,ford-f150-ontario,price_changed,2026-07-26T17:13:39-04:00,clutch_ford_f150_ontario_20260726_171339,"{""new_price_cad"": ""53890"", ""old_price_cad"": ""57190""}"
evt_b9a33751f962,1FTFX1E51NFA00948,ford-f150-ontario,listing_appeared,2026-07-26T17:13:39-04:00,clutch_ford_f150_ontario_20260726_171339,"{""listing_id"": ""114772"", ""price_cad"": ""47790""}"
evt_afbb00db4d16,1FTFW1E51PKE06046,ford-f150-ontario,accident_history_assessed,2026-07-26T17:13:39-04:00,clutch_ford_f150_ontario_20260726_171339,"{""details"": ""no_accidents=True"", ""recommendation_eligible"": true, ""severity"": ""none"", ""status"": ""clean""}"
evt_817fe8bbdfe5,1FTFW1E83NKF22937,ford-f150-ontario,accident_history_assessed,2026-07-26T17:13:39-04:00,clutch_ford_f150_ontario_20260726_171339,"{""details"": ""no_accidents=True"", ""recommendation_eligible"": true, ""severity"": ""none"", ""status"": ""clean""}"
evt_d53b3081da68,1FTEW3LPXRKF42433,ford-f150-ontario,accident_history_assessed,2026-07-26T17:13:39-04:00,clutch_ford_f150_ontario_20260726_171339,"{""details"": ""no_accidents=True"", ""recommendation_eligible"": true, ""severity"": ""none"", ""status"": ""clean""}"
evt_090e6ab32d9c,1FTFW1E8XNKF18044,ford-f150-ontario,accident_history_assessed,2026-07-26T17:13:39-04:00,clutch_ford_f150_ontario_20260726_171339,"{""details"": ""no_accidents=True"", ""recommendation_eligible"": true, ""severity"": ""none"", ""status"": ""clean""}"
evt_4672c9141415,1FTFW1E80MFB22261,ford-f150-ontario,accident_history_assessed,2026-07-26T17:13:39-04:00,clutch_ford_f150_ontario_20260726_171339,"{""details"": ""no_accidents=True"", ""recommendation_eligible"": true, ""severity"": ""none"", ""status"": ""clean""}"
evt_a3acc676e7f3,1FTEW1EP2MFA74619,ford-f150-ontario,accident_history_assessed,2026-07-26T17:13:39-04:00,clutch_ford_f150_ontario_20260726_171339,"{""details"": ""no_accidents=True"", ""recommendation_eligible"": true, ""severity"": ""none"", ""status"": ""clean""}"
evt_8059da9e9d4e,1FTEW1EP0PFA33281,ford-f150-ontario,accident_history_assessed,2026-07-26T17:13:39-04:00,clutch_ford_f150_ontario_20260726_171339,"{""details"": ""no_accidents=True"", ""recommendation_eligible"": true, ""severity"": ""none"", ""status"": ""clean""}"
evt_b73e1f33ca31,1FTEW3LP1RKF39209,ford-f150-ontario,accident_history_assessed,2026-07-26T17:13:39-04:00,clutch_ford_f150_ontario_20260726_171339,"{""details"": ""no_accidents=True"", ""recommendation_eligible"": true, ""severity"": ""none"", ""status"": ""clean""}"
evt_e364e306f5a9,1FTFW1E82NFA38086,ford-f150-ontario,accident_history_assessed,2026-07-26T17:13:39-04:00,clutch_ford_f150_ontario_20260726_171339,"{""details"": ""no_accidents=True"", ""recommendation_eligible"": true, ""severity"": ""none"", ""status"": ""clean""}"
evt_508e454f9caf,1FTEW1EP6PFC39673,ford-f150-ontario,accident_history_assessed,2026-07-26T17:13:39-04:00,clutch_ford_f150_ontario_20260726_171339,"{""details"": ""no_accidents=True"", ""recommendation_eligible"": true, ""severity"": ""none"", ""status"": ""clean""}"
evt_24c8b837a2e4,1FTEW1EP7PKD72756,ford-f150-ontario,accident_history_assessed,2026-07-26T17:13:39-04:00,clutch_ford_f150_ontario_20260726_171339,"{""details"": ""no_accidents=True"", ""recommendation_eligible"": true, ""severity"": ""none"", ""status"": ""clean""}"
evt_6707986fa175,1FTFW1ED3PFB05472,ford-f150-ontario,accident_history_assessed,2026-07-26T17:13:39-04:00,clutch_ford_f150_ontario_20260726_171339,"{""details"": ""no_accidents=True"", ""recommendation_eligible"": true, ""severity"": ""none"", ""status"": ""clean""}"
evt_a1be81276819,1FTEW1EP4NKD78902,ford-f150-ontario,accident_history_assessed,2026-07-26T17:13:39-04:00,clutch_ford_f150_ontario_20260726_171339,"{""details"": ""no_accidents=True"", ""recommendation_eligible"": true, ""severity"": ""none"", ""status"": ""clean""}"
evt_55f56bd5bb57,1FTEW2LP8RKE43667,ford-f150-ontario,accident_history_assessed,2026-07-26T17:13:39-04:00,clutch_ford_f150_ontario_20260726_171339,"{""details"": ""no_accidents=True"", ""recommendation_eligible"": true, ""severity"": ""none"", ""status"": ""clean""}"
evt_01e96b913a37,1FTEW2LP7RKE96537,ford-f150-ontario,accident_history_assessed,2026-07-26T17:13:39-04:00,clutch_ford_f150_ontario_20260726_171339,"{""details"": ""no_accidents=True"", ""recommendation_eligible"": true, ""severity"": ""none"", ""status"": ""clean""}"
evt_cab60ecd9afd,1FTFW1E86PFC74145,ford-f150-ontario,accident_history_assessed,2026-07-26T17:13:39-04:00,clutch_ford_f150_ontario_20260726_171339,"{""details"": ""no_accidents=True"", ""recommendation_eligible"": true, ""severity"": ""none"", ""status"": ""clean""}"
evt_59b043d3c100,1FTEW1EP7NFB17319,ford-f150-ontario,accident_history_assessed,2026-07-26T17:13:39-04:00,clutch_ford_f150_ontario_20260726_171339,"{""details"": ""no_accidents=True"", ""recommendation_eligible"": true, ""severity"": ""none"", ""status"": ""clean""}"
evt_2e226a838982,1FTEW1EPXPKD47088,ford-f150-ontario,accident_history_assessed,2026-07-26T17:13:39-04:00,clutch_ford_f150_ontario_20260726_171339,"{""details"": ""no_accidents=True"", ""recommendation_eligible"": true, ""severity"": ""none"", ""status"": ""clean""}"
evt_2035c6c5120c,1FTEW1EP5PKF33024,ford-f150-ontario,accident_history_assessed,2026-07-26T17:13:39-04:00,clutch_ford_f150_ontario_20260726_171339,"{""details"": ""no_accidents=True"", ""recommendation_eligible"": true, ""severity"": ""none"", ""status"": ""clean""}"
evt_9fdcd8faf33b,1FTEW1EP8PFA03638,ford-f150-ontario,accident_history_assessed,2026-07-26T17:13:39-04:00,clutch_ford_f150_ontario_20260726_171339,"{""details"": ""no_accidents=True"", ""recommendation_eligible"": true, ""severity"": ""none"", ""status"": ""clean""}"
evt_761feddb61cd,1FTEW1EP1PFA37193,ford-f150-ontario,accident_history_assessed,2026-07-26T17:13:39-04:00,clutch_ford_f150_ontario_20260726_171339,"{""details"": ""no_accidents=True"", ""recommendation_eligible"": true, ""severity"": ""none"", ""status"": ""clean""}"
evt_ecd4bae54f8d,1FTFX1E51NFA00948,ford-f150-ontario,accident_history_assessed,2026-07-26T17:13:39-04:00,clutch_ford_f150_ontario_20260726_171339,"{""details"": ""no_accidents=True"", ""recommendation_eligible"": true, ""severity"": ""none"", ""status"": ""clean""}"
evt_cce2dd9a5fc5,1FTEW3LP2RFC06185,ford-f150-ontario,accident_history_assessed,2026-07-26T17:13:39-04:00,clutch_ford_f150_ontario_20260726_171339,"{""details"": ""no_accidents=True"", ""recommendation_eligible"": true, ""severity"": ""none"", ""status"": ""clean""}"
evt_e577a14dac06,1FTFW1ED3PFB50802,ford-f150-ontario,accident_history_assessed,2026-07-26T17:13:39-04:00,clutch_ford_f150_ontario_20260726_171339,"{""details"": ""no_accidents=True"", ""recommendation_eligible"": true, ""severity"": ""none"", ""status"": ""clean""}"
evt_e37d38498743,1FTEW1EP6PKF51905,ford-f150-ontario,accident_history_assessed,2026-07-26T17:13:39-04:00,clutch_ford_f150_ontario_20260726_171339,"{""details"": ""no_accidents=True"", ""recommendation_eligible"": true, ""severity"": ""none"", ""status"": ""clean""}"
evt_8a4aaf2e2fc2,1FTEW3LP9RKE62198,ford-f150-ontario,vehicle_history_report_checked,2026-07-26T17:13:39-04:00,clutch_ford_f150_ontario_20260726_171339,"{""details"": ""vehicle_history_report.provider=carfax; vehicle_history_report.status=blocked; vehicle_history_report.summary=Public Clutch detail page shows Last registered in Ontario, Not previously stolen, and View full Carfax report. Full Carfax report was not opened."", ""provider"": ""carfax"", ""status"": ""blocked""}"
evt_f02e9c131f0d,1FTFW1E85NFA75004,ford-f150-ontario,vehicle_history_report_checked,2026-07-26T17:13:39-04:00,clutch_ford_f150_ontario_20260726_171339,"{""details"": ""vehicle_history_report.provider=carfax; vehicle_history_report.status=blocked; vehicle_history_report.summary=Public Clutch detail page shows Last registered in Ontario, Not previously stolen, and View full Carfax report. Full Carfax report was not opened."", ""provider"": ""carfax"", ""status"": ""blocked""}"
evt_8d266bc187a5,1FTFW1E51PKE06046,ford-f150-ontario,vehicle_history_report_checked,2026-07-26T17:13:39-04:00,clutch_ford_f150_ontario_20260726_171339,"{""details"": ""vehicle_history_report.provider=carfax; vehicle_history_report.status=blocked; vehicle_history_report.summary=Public Clutch detail page shows No accidents reported by Carfax, Last registered in Ontario, Not previously stolen, and View full Carfax report. Full Carfax report was not opened."", ""provider"": ""carfax"", ""status"": ""blocked""}"
evt_35ca1b7f9a4d,1FTFW1E83NKF22937,ford-f150-ontario,vehicle_history_report_checked,2026-07-26T17:13:39-04:00,clutch_ford_f150_ontario_20260726_171339,"{""details"": ""vehicle_history_report.provider=carfax; vehicle_history_report.status=blocked; vehicle_history_report.summary=Public Clutch detail page shows No accidents reported by Carfax, Last registered in Ontario, Not previously stolen, and View full Carfax report. Full Carfax report was not opened."", ""provider"": ""carfax"", ""status"": ""blocked""}"
evt_f62c43a162bb,1FTEW3LPXRKF42433,ford-f150-ontario,vehicle_history_report_checked,2026-07-26T17:13:39-04:00,clutch_ford_f150_ontario_20260726_171339,"{""details"": ""vehicle_history_report.provider=carfax; vehicle_history_report.status=blocked; vehicle_history_report.summary=Public Clutch detail page shows No accidents reported by Carfax, Last registered in Ontario, Not previously stolen, and View full Carfax report. Full Carfax report was not opened."", ""provider"": ""carfax"", ""status"": ""blocked""}"
evt_2f67a1a181e1,1FTFW1E8XNKF18044,ford-f150-ontario,vehicle_history_report_checked,2026-07-26T17:13:39-04:00,clutch_ford_f150_ontario_20260726_171339,"{""details"": ""vehicle_history_report.provider=carfax; vehicle_history_report.status=blocked; vehicle_history_report.summary=Public Clutch detail page shows No accidents reported by Carfax, Last registered in Ontario, Not previously stolen, and View full Carfax report. Full Carfax report was not opened."", ""provider"": ""carfax"", ""status"": ""blocked""}"
evt_7c6b882734dd,1FTFW1E80MFB22261,ford-f150-ontario,vehicle_history_report_checked,2026-07-26T17:13:39-04:00,clutch_ford_f150_ontario_20260726_171339,"{""details"": ""vehicle_history_report.provider=carfax; vehicle_history_report.status=blocked; vehicle_history_report.summary=Public Clutch detail page shows No accidents reported by Carfax, Last registered in Ontario, Not previously stolen, and View full Carfax report. Full Carfax report was not opened."", ""provider"": ""carfax"", ""status"": ""blocked""}"
evt_368867183b06,1FTEW1EB7MKE78706,ford-f150-ontario,vehicle_history_report_checked,2026-07-26T17:13:39-04:00,clutch_ford_f150_ontario_20260726_171339,"{""details"": ""vehicle_history_report.provider=carfax; vehicle_history_report.status=blocked; vehicle_history_report.summary=Public Clutch detail page shows Last registered in Ontario, Not previously stolen, and View full Carfax report. Full Carfax report was not opened."", ""provider"": ""carfax"", ""status"": ""blocked""}"
evt_00f575902cd0,1FTEW1EP2MFA74619,ford-f150-ontario,vehicle_history_report_checked,2026-07-26T17:13:39-04:00,clutch_ford_f150_ontario_20260726_171339,"{""details"": ""vehicle_history_report.provider=carfax; vehicle_history_report.status=blocked; vehicle_history_report.summary=Public Clutch detail page shows No accidents reported by Carfax, Last registered in Ontario, Not previously stolen, and View full Carfax report. Full Carfax report was not opened."", ""provider"": ""carfax"", ""status"": ""blocked""}"
evt_5d4e66e3dbf6,1FTFW1E83NKD64034,ford-f150-ontario,vehicle_history_report_checked,2026-07-26T17:13:39-04:00,clutch_ford_f150_ontario_20260726_171339,"{""details"": ""vehicle_history_report.provider=carfax; vehicle_history_report.status=blocked; vehicle_history_report.summary=Public Clutch detail page shows Last registered in Ontario, Not previously stolen, and View full Carfax report. Full Carfax report was not opened."", ""provider"": ""carfax"", ""status"": ""blocked""}"
evt_a2a0ed60786b,1FTEW1EP0PFA33281,ford-f150-ontario,vehicle_history_report_checked,2026-07-26T17:13:39-04:00,clutch_ford_f150_ontario_20260726_171339,"{""details"": ""vehicle_history_report.provider=carfax; vehicle_history_report.status=blocked; vehicle_history_report.summary=Public Clutch detail page shows No accidents reported by Carfax, Last registered in Ontario, Not previously stolen, and View full Carfax report. Full Carfax report was not opened."", ""provider"": ""carfax"", ""status"": ""blocked""}"
evt_e1fd1cdb0b12,1FTEW3LP1RKF39209,ford-f150-ontario,vehicle_history_report_checked,2026-07-26T17:13:39-04:00,clutch_ford_f150_ontario_20260726_171339,"{""details"": ""vehicle_history_report.provider=carfax; vehicle_history_report.status=blocked; vehicle_history_report.summary=Public Clutch detail page shows No accidents reported by Carfax, Last registered in Ontario, Not previously stolen, and View full Carfax report. Full Carfax report was not opened."", ""provider"": ""carfax"", ""status"": ""blocked""}"
evt_857230fc3288,1FTFW1E82NFA38086,ford-f150-ontario,vehicle_history_report_checked,2026-07-26T17:13:39-04:00,clutch_ford_f150_ontario_20260726_171339,"{""details"": ""vehicle_history_report.provider=carfax; vehicle_history_report.status=blocked; vehicle_history_report.summary=Public Clutch detail page shows No accidents reported by Carfax, Last registered in Ontario, Not previously stolen, and View full Carfax report. Full Carfax report was not opened."", ""provider"": ""carfax"", ""status"": ""blocked""}"
evt_8e56fb31f075,1FTEW1EP6PFC39673,ford-f150-ontario,vehicle_history_report_checked,2026-07-26T17:13:39-04:00,clutch_ford_f150_ontario_20260726_171339,"{""details"": ""vehicle_history_report.provider=carfax; vehicle_history_report.status=blocked; vehicle_history_report.summary=Public Clutch detail page shows No accidents reported by Carfax, Last registered in Ontario, Not previously stolen, and View full Carfax report. Full Carfax report was not opened."", ""provider"": ""carfax"", ""status"": ""blocked""}"
evt_73a294711fcd,1FTEW1EP7PKD72756,ford-f150-ontario,vehicle_history_report_checked,2026-07-26T17:13:39-04:00,clutch_ford_f150_ontario_20260726_171339,"{""details"": ""vehicle_history_report.provider=carfax; vehicle_history_report.status=blocked; vehicle_history_report.summary=Public Clutch detail page shows No accidents reported by Carfax, Last registered in Ontario, Not previously stolen, and View full Carfax report. Full Carfax report was not opened."", ""provider"": ""carfax"", ""status"": ""blocked""}"
evt_71bff74392ef,1FTFW1ED3PFB05472,ford-f150-ontario,vehicle_history_report_checked,2026-07-26T17:13:39-04:00,clutch_ford_f150_ontario_20260726_171339,"{""details"": ""vehicle_history_report.provider=carfax; vehicle_history_report.status=blocked; vehicle_history_report.summary=Public Clutch detail page shows No accidents reported by Carfax, Last registered in Ontario, Not previously stolen, and View full Carfax report. Full Carfax report was not opened."", ""provider"": ""carfax"", ""status"": ""blocked""}"
evt_205a6da59ad2,1FTFW3L85RFB45931,ford-f150-ontario,vehicle_history_report_checked,2026-07-26T17:13:39-04:00,clutch_ford_f150_ontario_20260726_171339,"{""details"": ""vehicle_history_report.provider=carfax; vehicle_history_report.status=blocked; vehicle_history_report.summary=Public Clutch detail page shows Last registered in Ontario, Not previously stolen, and View full Carfax report. Full Carfax report was not opened."", ""provider"": ""carfax"", ""status"": ""blocked""}"
evt_10eb4735d688,1FTEW1EP4NKD78902,ford-f150-ontario,vehicle_history_report_checked,2026-07-26T17:13:39-04:00,clutch_ford_f150_ontario_20260726_171339,"{""details"": ""vehicle_history_report.provider=carfax; vehicle_history_report.status=blocked; vehicle_history_report.summary=Public Clutch detail page shows No accidents reported by Carfax, Last registered in Ontario, Not previously stolen, and View full Carfax report. Full Carfax report was not opened."", ""provider"": ""carfax"", ""status"": ""blocked""}"
evt_f8e7d5bf8b35,1FTFW1E87NFC44455,ford-f150-ontario,vehicle_history_report_checked,2026-07-26T17:13:39-04:00,clutch_ford_f150_ontario_20260726_171339,"{""details"": ""vehicle_history_report.provider=carfax; vehicle_history_report.status=blocked; vehicle_history_report.summary=Public Clutch detail page shows Last registered in Ontario, Not previously stolen, and View full Carfax report. Full Carfax report was not opened."", ""provider"": ""carfax"", ""status"": ""blocked""}"
evt_9aa3417ae271,1FTEW2LP8RKE43667,ford-f150-ontario,vehicle_history_report_checked,2026-07-26T17:13:39-04:00,clutch_ford_f150_ontario_20260726_171339,"{""details"": ""vehicle_history_report.provider=carfax; vehicle_history_report.status=blocked; vehicle_history_report.summary=Public Clutch detail page shows No accidents reported by Carfax, Last registered in Ontario, Not previously stolen, View full Carfax report, and a reserved/Notify me purchase state. Full Carfax report was not opened."", ""provider"": ""carfax"", ""status"": ""blocked""}"
evt_20d673cf3c53,1FTEW2LP7RKE96537,ford-f150-ontario,vehicle_history_report_checked,2026-07-26T17:13:39-04:00,clutch_ford_f150_ontario_20260726_171339,"{""details"": ""vehicle_history_report.provider=carfax; vehicle_history_report.status=blocked; vehicle_history_report.summary=Public Clutch detail page shows No accidents reported by Carfax, Last registered in Ontario, Not previously stolen, and View full Carfax report. Full Carfax report was not opened."", ""provider"": ""carfax"", ""status"": ""blocked""}"
evt_576a3aa64e3d,1FTFW1E86PFC74145,ford-f150-ontario,vehicle_history_report_checked,2026-07-26T17:13:39-04:00,clutch_ford_f150_ontario_20260726_171339,"{""details"": ""vehicle_history_report.provider=carfax; vehicle_history_report.status=blocked; vehicle_history_report.summary=Public Clutch detail page shows No accidents reported by Carfax, Last registered in Ontario, Not previously stolen, and View full Carfax report. Full Carfax report was not opened."", ""provider"": ""carfax"", ""status"": ""blocked""}"
evt_40bbbe717caf,1FTEW1EP7NFB17319,ford-f150-ontario,vehicle_history_report_checked,2026-07-26T17:13:39-04:00,clutch_ford_f150_ontario_20260726_171339,"{""details"": ""vehicle_history_report.provider=carfax; vehicle_history_report.status=blocked; vehicle_history_report.summary=Public Clutch detail page shows No accidents reported by Carfax, Last registered in Ontario, Not previously stolen, and View full Carfax report. Full Carfax report was not opened."", ""provider"": ""carfax"", ""status"": ""blocked""}"
evt_00fa5cc14313,1FTFW1E87NKD85369,ford-f150-ontario,vehicle_history_report_checked,2026-07-26T17:13:39-04:00,clutch_ford_f150_ontario_20260726_171339,"{""details"": ""vehicle_history_report.provider=carfax; vehicle_history_report.status=blocked; vehicle_history_report.summary=Public Clutch detail page shows Last registered in Ontario, Not previously stolen, and View full Carfax report. Full Carfax report was not opened."", ""provider"": ""carfax"", ""status"": ""blocked""}"
evt_21260d6eff6a,1FTEW1EP1NKD53701,ford-f150-ontario,vehicle_history_report_checked,2026-07-26T17:13:39-04:00,clutch_ford_f150_ontario_20260726_171339,"{""details"": ""vehicle_history_report.provider=carfax; vehicle_history_report.status=blocked; vehicle_history_report.summary=Public Clutch detail page shows Last registered in Ontario, Not previously stolen, and View full Carfax report. Full Carfax report was not opened."", ""provider"": ""carfax"", ""status"": ""blocked""}"
evt_04efd513f579,1FTEW1EPXPKD47088,ford-f150-ontario,vehicle_history_report_checked,2026-07-26T17:13:39-04:00,clutch_ford_f150_ontario_20260726_171339,"{""details"": ""vehicle_history_report.provider=carfax; vehicle_history_report.status=blocked; vehicle_history_report.summary=Public Clutch detail page shows No accidents reported by Carfax, Last registered in Ontario, Not previously stolen, and View full Carfax report. Full Carfax report was not opened."", ""provider"": ""carfax"", ""status"": ""blocked""}"
evt_766e68b17dec,1FTEW1EP5PKF33024,ford-f150-ontario,vehicle_history_report_checked,2026-07-26T17:13:39-04:00,clutch_ford_f150_ontario_20260726_171339,"{""details"": ""vehicle_history_report.provider=carfax; vehicle_history_report.status=blocked; vehicle_history_report.summary=Public Clutch detail page shows No accidents reported by Carfax, Last registered in Ontario, Not previously stolen, and View full Carfax report. Full Carfax report was not opened."", ""provider"": ""carfax"", ""status"": ""blocked""}"
evt_7734511fa1b8,1FTEW1EP0PKE73329,ford-f150-ontario,vehicle_history_report_checked,2026-07-26T17:13:39-04:00,clutch_ford_f150_ontario_20260726_171339,"{""details"": ""vehicle_history_report.provider=carfax; vehicle_history_report.status=blocked; vehicle_history_report.summary=Public Clutch detail page shows Last registered in Ontario, Not previously stolen, and View full Carfax report. Full Carfax report was not opened."", ""provider"": ""carfax"", ""status"": ""blocked""}"
evt_455a91247a3a,1FTEW1EPXPFA89812,ford-f150-ontario,vehicle_history_report_checked,2026-07-26T17:13:39-04:00,clutch_ford_f150_ontario_20260726_171339,"{""details"": ""vehicle_history_report.provider=carfax; vehicle_history_report.status=blocked; vehicle_history_report.summary=Public Clutch detail page shows Last registered in Ontario, Not previously stolen, and View full Carfax report. Full Carfax report was not opened."", ""provider"": ""carfax"", ""status"": ""blocked""}"
evt_84af08f21acf,1FTEW1EP8PFA03638,ford-f150-ontario,vehicle_history_report_checked,2026-07-26T17:13:39-04:00,clutch_ford_f150_ontario_20260726_171339,"{""details"": ""vehicle_history_report.provider=carfax; vehicle_history_report.status=blocked; vehicle_history_report.summary=Public Clutch detail page shows No accidents reported by Carfax, Last registered in Ontario, Not previously stolen, and View full Carfax report. Full Carfax report was not opened."", ""provider"": ""carfax"", ""status"": ""blocked""}"
evt_40bb6edbf889,1FTEW1EP1PFA37193,ford-f150-ontario,vehicle_history_report_checked,2026-07-26T17:13:39-04:00,clutch_ford_f150_ontario_20260726_171339,"{""details"": ""vehicle_history_report.provider=carfax; vehicle_history_report.status=blocked; vehicle_history_report.summary=Public Clutch detail page shows No accidents reported by Carfax, Last registered in Ontario, Not previously stolen, and View full Carfax report. Full Carfax report was not opened."", ""provider"": ""carfax"", ""status"": ""blocked""}"
evt_da890d0bacb2,1FTFX1E51NFA00948,ford-f150-ontario,vehicle_history_report_checked,2026-07-26T17:13:39-04:00,clutch_ford_f150_ontario_20260726_171339,"{""details"": ""vehicle_history_report.provider=carfax; vehicle_history_report.status=blocked; vehicle_history_report.summary=Public Clutch detail page shows No accidents reported by Carfax, Last registered in Ontario, Not previously stolen, View full Carfax report, and a coming-soon/Notify me purchase state. Full Carfax report was not opened."", ""provider"": ""carfax"", ""status"": ""blocked""}"
evt_1be19a8de97e,1FTEW3LP2RFC06185,ford-f150-ontario,vehicle_history_report_checked,2026-07-26T17:13:39-04:00,clutch_ford_f150_ontario_20260726_171339,"{""details"": ""vehicle_history_report.provider=carfax; vehicle_history_report.status=blocked; vehicle_history_report.summary=Public Clutch detail page shows No accidents reported by Carfax, Last registered in Ontario, Not previously stolen, and View full Carfax report. Full Carfax report was not opened."", ""provider"": ""carfax"", ""status"": ""blocked""}"
evt_41bd1a58aecc,1FTFW1ED3PFB50802,ford-f150-ontario,vehicle_history_report_checked,2026-07-26T17:13:39-04:00,clutch_ford_f150_ontario_20260726_171339,"{""details"": ""vehicle_history_report.provider=carfax; vehicle_history_report.status=blocked; vehicle_history_report.summary=Public Clutch detail page shows No accidents reported by Carfax, Last registered in Ontario, Not previously stolen, View full Carfax report, and a reserved/Notify me purchase state. Full Carfax report was not opened."", ""provider"": ""carfax"", ""status"": ""blocked""}"
evt_73b5ccabd0d4,1FTEW1EP6PKF51905,ford-f150-ontario,vehicle_history_report_checked,2026-07-26T17:13:39-04:00,clutch_ford_f150_ontario_20260726_171339,"{""details"": ""vehicle_history_report.provider=carfax; vehicle_history_report.status=blocked; vehicle_history_report.summary=Public Clutch detail page shows No accidents reported by Carfax, Last registered in Ontario, Not previously stolen, View full Carfax report, and a coming-soon/Notify me purchase state. Full Carfax report was not opened."", ""provider"": ""carfax"", ""status"": ""blocked""}"
evt_9bea2e6ef96f,1FTEW1EP2PFA81705,ford-f150-ontario,vehicle_history_report_checked,2026-07-26T17:13:39-04:00,clutch_ford_f150_ontario_20260726_171339,"{""details"": ""vehicle_history_report.provider=carfax; vehicle_history_report.status=blocked; vehicle_history_report.summary=Public Clutch detail page shows Last registered in Ontario, Not previously stolen, View full Carfax report, and a coming-soon/Notify me purchase state. Full Carfax report was not opened."", ""provider"": ""carfax"", ""status"": ""blocked""}"
evt_de65206bdbb2,1FTFW1E52PKE89874,ford-f150-ontario,vehicle_history_report_checked,2026-07-26T17:13:39-04:00,clutch_ford_f150_ontario_20260726_171339,"{""details"": ""vehicle_history_report.provider=carfax; vehicle_history_report.status=blocked; vehicle_history_report.summary=Public Clutch detail page shows Last registered in Ontario, Not previously stolen, and View full Carfax report. Full Carfax report was not opened."", ""provider"": ""carfax"", ""status"": ""blocked""}"
evt_998bfd55fc83,1FTEW1EP9NFA33678,ford-f150-ontario,vehicle_history_report_checked,2026-07-26T17:13:39-04:00,clutch_ford_f150_ontario_20260726_171339,"{""details"": ""vehicle_history_report.provider=carfax; vehicle_history_report.status=blocked; vehicle_history_report.summary=Public Clutch detail page shows Last registered in Ontario, Not previously stolen, View full Carfax report, and a coming-soon/Notify me purchase state. Full Carfax report was not opened."", ""provider"": ""carfax"", ""status"": ""blocked""}"
evt_d4a21d21204f,1FTFW1E51PKE06046,ford-f150-ontario,maintenance_history_assessed,2026-07-26T17:13:39-04:00,clutch_ford_f150_ontario_20260726_171339,"{""details"": ""service_history.replaced_parts=['brake pads', 'rotors']"", ""locations_count"": null, ""recommendation_eligible"": true, ""records_count"": null, ""replaced_components_count"": 2, ""risk_level"": ""moderate"", ""status"": ""complex""}"
evt_137c005a908e,1FTEW1EB7MKE78706,ford-f150-ontario,maintenance_history_assessed,2026-07-26T17:13:39-04:00,clutch_ford_f150_ontario_20260726_171339,"{""details"": ""service_history.replaced_parts=['brake pads', 'rotors']"", ""locations_count"": null, ""recommendation_eligible"": true, ""records_count"": null, ""replaced_components_count"": 2, ""risk_level"": ""moderate"", ""status"": ""complex""}"
evt_0d9c8a4f2323,1FTEW1EP2MFA74619,ford-f150-ontario,maintenance_history_assessed,2026-07-26T17:13:39-04:00,clutch_ford_f150_ontario_20260726_171339,"{""details"": ""service_history.replaced_parts=['brake pads', 'rotors']"", ""locations_count"": null, ""recommendation_eligible"": true, ""records_count"": null, ""replaced_components_count"": 2, ""risk_level"": ""moderate"", ""status"": ""complex""}"
evt_c3828417debf,1FTEW1EP6PFC39673,ford-f150-ontario,maintenance_history_assessed,2026-07-26T17:13:39-04:00,clutch_ford_f150_ontario_20260726_171339,"{""details"": ""service_history.replaced_parts=['tires']"", ""locations_count"": null, ""recommendation_eligible"": true, ""records_count"": null, ""replaced_components_count"": 1, ""risk_level"": ""moderate"", ""status"": ""complex""}"
evt_ef47937e4b13,1FTFW1E87NFC44455,ford-f150-ontario,maintenance_history_assessed,2026-07-26T17:13:39-04:00,clutch_ford_f150_ontario_20260726_171339,"{""details"": ""service_history.replaced_parts=['tires']"", ""locations_count"": null, ""recommendation_eligible"": true, ""records_count"": null, ""replaced_components_count"": 1, ""risk_level"": ""moderate"", ""status"": ""complex""}"
evt_8a27012c67e9,1FTEW2LP8RKE43667,ford-f150-ontario,maintenance_history_assessed,2026-07-26T17:13:39-04:00,clutch_ford_f150_ontario_20260726_171339,"{""details"": ""service_history.replaced_parts=['tires']"", ""locations_count"": null, ""recommendation_eligible"": true, ""records_count"": null, ""replaced_components_count"": 1, ""risk_level"": ""moderate"", ""status"": ""complex""}"
evt_1dd1994eb7fa,1FTFW1E86PFC74145,ford-f150-ontario,maintenance_history_assessed,2026-07-26T17:13:39-04:00,clutch_ford_f150_ontario_20260726_171339,"{""details"": ""service_history.replaced_parts=['tires']"", ""locations_count"": null, ""recommendation_eligible"": true, ""records_count"": null, ""replaced_components_count"": 1, ""risk_level"": ""moderate"", ""status"": ""complex""}"
evt_beaab86558b6,1FTEW1EP7NFB17319,ford-f150-ontario,maintenance_history_assessed,2026-07-26T17:13:39-04:00,clutch_ford_f150_ontario_20260726_171339,"{""details"": ""service_history.replaced_parts=['tires']"", ""locations_count"": null, ""recommendation_eligible"": true, ""records_count"": null, ""replaced_components_count"": 1, ""risk_level"": ""moderate"", ""status"": ""complex""}"
evt_f2fea2ab3c66,1FTFW1E87NKD85369,ford-f150-ontario,maintenance_history_assessed,2026-07-26T17:13:39-04:00,clutch_ford_f150_ontario_20260726_171339,"{""details"": ""service_history.replaced_parts=['brake pads', 'rotors']"", ""locations_count"": null, ""recommendation_eligible"": true, ""records_count"": null, ""replaced_components_count"": 2, ""risk_level"": ""moderate"", ""status"": ""complex""}"
evt_5caad79269d6,1FTEW1EP0PKE73329,ford-f150-ontario,maintenance_history_assessed,2026-07-26T17:13:39-04:00,clutch_ford_f150_ontario_20260726_171339,"{""details"": ""service_history.replaced_parts=['tires']"", ""locations_count"": null, ""recommendation_eligible"": true, ""records_count"": null, ""replaced_components_count"": 1, ""risk_level"": ""moderate"", ""status"": ""complex""}"
evt_8f9d9f5c74b7,1FTEW1EPXPFA89812,ford-f150-ontario,maintenance_history_assessed,2026-07-26T17:13:39-04:00,clutch_ford_f150_ontario_20260726_171339,"{""details"": ""service_history.replaced_parts=['tires']"", ""locations_count"": null, ""recommendation_eligible"": true, ""records_count"": null, ""replaced_components_count"": 1, ""risk_level"": ""moderate"", ""status"": ""complex""}"
evt_97a37b9ac5d2,1FTEW1EP8PFA03638,ford-f150-ontario,maintenance_history_assessed,2026-07-26T17:13:39-04:00,clutch_ford_f150_ontario_20260726_171339,"{""details"": ""service_history.replaced_parts=['tires', 'brake pads', 'rotors']"", ""locations_count"": null, ""recommendation_eligible"": false, ""records_count"": null, ""replaced_components_count"": 3, ""risk_level"": ""high"", ""status"": ""complex""}"
evt_051cda47546f,1FTEW1EP1PFA37193,ford-f150-ontario,maintenance_history_assessed,2026-07-26T17:13:39-04:00,clutch_ford_f150_ontario_20260726_171339,"{""details"": ""service_history.replaced_parts=['tires']"", ""locations_count"": null, ""recommendation_eligible"": true, ""records_count"": null, ""replaced_components_count"": 1, ""risk_level"": ""moderate"", ""status"": ""complex""}"
evt_10da57ee1913,1FTEW3LP9RKE62198,ford-f150-ontario,usage_history_assessed,2026-07-26T17:13:39-04:00,clutch_ford_f150_ontario_20260726_171339,"{""interprovincial_details"": ""last_registered_province=Ontario; vehicle_history_report.registration_history.0.province=Ontario; provinces=Ontario"", ""interprovincial_history"": ""unknown"", ""previous_use"": ""unknown"", ""previous_use_details"": null, ""province_history"": ""Ontario""}"
evt_104cc8faef4d,1FTFW1E85NFA75004,ford-f150-ontario,usage_history_assessed,2026-07-26T17:13:39-04:00,clutch_ford_f150_ontario_20260726_171339,"{""interprovincial_details"": ""last_registered_province=Ontario; vehicle_history_report.registration_history.0.province=Ontario; provinces=Ontario"", ""interprovincial_history"": ""unknown"", ""previous_use"": ""unknown"", ""previous_use_details"": null, ""province_history"": ""Ontario""}"
evt_ff2166d261b2,1FTFW1E51PKE06046,ford-f150-ontario,usage_history_assessed,2026-07-26T17:13:39-04:00,clutch_ford_f150_ontario_20260726_171339,"{""interprovincial_details"": ""last_registered_province=Ontario; vehicle_history_report.registration_history.0.province=Ontario; provinces=Ontario"", ""interprovincial_history"": ""unknown"", ""previous_use"": ""unknown"", ""previous_use_details"": null, ""province_history"": ""Ontario""}"
evt_8abc525c2c30,1FTFW1E83NKF22937,ford-f150-ontario,usage_history_assessed,2026-07-26T17:13:39-04:00,clutch_ford_f150_ontario_20260726_171339,"{""interprovincial_details"": ""last_registered_province=Ontario; vehicle_history_report.registration_history.0.province=Ontario; provinces=Ontario"", ""interprovincial_history"": ""unknown"", ""previous_use"": ""unknown"", ""previous_use_details"": null, ""province_history"": ""Ontario""}"
evt_2aed34d71b13,1FTEW3LPXRKF42433,ford-f150-ontario,usage_history_assessed,2026-07-26T17:13:39-04:00,clutch_ford_f150_ontario_20260726_171339,"{""interprovincial_details"": ""last_registered_province=Ontario; vehicle_history_report.registration_history.0.province=Ontario; provinces=Ontario"", ""interprovincial_history"": ""unknown"", ""previous_use"": ""unknown"", ""previous_use_details"": null, ""province_history"": ""Ontario""}"
evt_316bbfa15a1b,1FTFW1E8XNKF18044,ford-f150-ontario,usage_history_assessed,2026-07-26T17:13:39-04:00,clutch_ford_f150_ontario_20260726_171339,"{""interprovincial_details"": ""last_registered_province=Ontario; vehicle_history_report.registration_history.0.province=Ontario; provinces=Ontario"", ""interprovincial_history"": ""unknown"", ""previous_use"": ""unknown"", ""previous_use_details"": null, ""province_history"": ""Ontario""}"
evt_d4e78b7e05d4,1FTFW1E80MFB22261,ford-f150-ontario,usage_history_assessed,2026-07-26T17:13:39-04:00,clutch_ford_f150_ontario_20260726_171339,"{""interprovincial_details"": ""last_registered_province=Ontario; vehicle_history_report.registration_history.0.province=Ontario; provinces=Ontario"", ""interprovincial_history"": ""unknown"", ""previous_use"": ""unknown"", ""previous_use_details"": null, ""province_history"": ""Ontario""}"
evt_1fed5da49326,1FTEW1EB7MKE78706,ford-f150-ontario,usage_history_assessed,2026-07-26T17:13:39-04:00,clutch_ford_f150_ontario_20260726_171339,"{""interprovincial_details"": ""last_registered_province=Ontario; vehicle_history_report.registration_history.0.province=Ontario; provinces=Ontario"", ""interprovincial_history"": ""unknown"", ""previous_use"": ""unknown"", ""previous_use_details"": null, ""province_history"": ""Ontario""}"
evt_75aa47bc6c61,1FTEW1EP2MFA74619,ford-f150-ontario,usage_history_assessed,2026-07-26T17:13:39-04:00,clutch_ford_f150_ontario_20260726_171339,"{""interprovincial_details"": ""last_registered_province=Ontario; vehicle_history_report.registration_history.0.province=Ontario; provinces=Ontario"", ""interprovincial_history"": ""unknown"", ""previous_use"": ""unknown"", ""previous_use_details"": null, ""province_history"": ""Ontario""}"
evt_d716b2bf3fb8,1FTFW1E83NKD64034,ford-f150-ontario,usage_history_assessed,2026-07-26T17:13:39-04:00,clutch_ford_f150_ontario_20260726_171339,"{""interprovincial_details"": ""last_registered_province=Ontario; vehicle_history_report.registration_history.0.province=Ontario; provinces=Ontario"", ""interprovincial_history"": ""unknown"", ""previous_use"": ""unknown"", ""previous_use_details"": null, ""province_history"": ""Ontario""}"
evt_b0af70250e69,1FTEW1EP0PFA33281,ford-f150-ontario,usage_history_assessed,2026-07-26T17:13:39-04:00,clutch_ford_f150_ontario_20260726_171339,"{""interprovincial_details"": ""last_registered_province=Ontario; vehicle_history_report.registration_history.0.province=Ontario; provinces=Ontario"", ""interprovincial_history"": ""unknown"", ""previous_use"": ""unknown"", ""previous_use_details"": null, ""province_history"": ""Ontario""}"
evt_0e959ebc5448,1FTEW3LP1RKF39209,ford-f150-ontario,usage_history_assessed,2026-07-26T17:13:39-04:00,clutch_ford_f150_ontario_20260726_171339,"{""interprovincial_details"": ""last_registered_province=Ontario; vehicle_history_report.registration_history.0.province=Ontario; provinces=Ontario"", ""interprovincial_history"": ""unknown"", ""previous_use"": ""unknown"", ""previous_use_details"": null, ""province_history"": ""Ontario""}"
evt_3db3e56c3549,1FTFW1E82NFA38086,ford-f150-ontario,usage_history_assessed,2026-07-26T17:13:39-04:00,clutch_ford_f150_ontario_20260726_171339,"{""interprovincial_details"": ""last_registered_province=Ontario; vehicle_history_report.registration_history.0.province=Ontario; provinces=Ontario"", ""interprovincial_history"": ""unknown"", ""previous_use"": ""unknown"", ""previous_use_details"": null, ""province_history"": ""Ontario""}"
evt_555a4f6ac161,1FTEW1EP6PFC39673,ford-f150-ontario,usage_history_assessed,2026-07-26T17:13:39-04:00,clutch_ford_f150_ontario_20260726_171339,"{""interprovincial_details"": ""last_registered_province=Ontario; vehicle_history_report.registration_history.0.province=Ontario; provinces=Ontario"", ""interprovincial_history"": ""unknown"", ""previous_use"": ""unknown"", ""previous_use_details"": null, ""province_history"": ""Ontario""}"
evt_74f14dc07903,1FTEW1EP7PKD72756,ford-f150-ontario,usage_history_assessed,2026-07-26T17:13:39-04:00,clutch_ford_f150_ontario_20260726_171339,"{""interprovincial_details"": ""last_registered_province=Ontario; vehicle_history_report.registration_history.0.province=Ontario; provinces=Ontario"", ""interprovincial_history"": ""unknown"", ""previous_use"": ""unknown"", ""previous_use_details"": null, ""province_history"": ""Ontario""}"
evt_6d878e7f039b,1FTFW1ED3PFB05472,ford-f150-ontario,usage_history_assessed,2026-07-26T17:13:39-04:00,clutch_ford_f150_ontario_20260726_171339,"{""interprovincial_details"": ""last_registered_province=Ontario; vehicle_history_report.registration_history.0.province=Ontario; provinces=Ontario"", ""interprovincial_history"": ""unknown"", ""previous_use"": ""unknown"", ""previous_use_details"": null, ""province_history"": ""Ontario""}"
evt_fd1aae47e713,1FTFW3L85RFB45931,ford-f150-ontario,usage_history_assessed,2026-07-26T17:13:39-04:00,clutch_ford_f150_ontario_20260726_171339,"{""interprovincial_details"": ""last_registered_province=Ontario; vehicle_history_report.registration_history.0.province=Ontario; provinces=Ontario"", ""interprovincial_history"": ""unknown"", ""previous_use"": ""unknown"", ""previous_use_details"": null, ""province_history"": ""Ontario""}"
evt_48b405ec02c2,1FTEW1EP4NKD78902,ford-f150-ontario,usage_history_assessed,2026-07-26T17:13:39-04:00,clutch_ford_f150_ontario_20260726_171339,"{""interprovincial_details"": ""last_registered_province=Ontario; vehicle_history_report.registration_history.0.province=Ontario; provinces=Ontario"", ""interprovincial_history"": ""unknown"", ""previous_use"": ""unknown"", ""previous_use_details"": null, ""province_history"": ""Ontario""}"
evt_6ed408042de2,1FTFW1E87NFC44455,ford-f150-ontario,usage_history_assessed,2026-07-26T17:13:39-04:00,clutch_ford_f150_ontario_20260726_171339,"{""interprovincial_details"": ""last_registered_province=Ontario; vehicle_history_report.registration_history.0.province=Ontario; provinces=Ontario"", ""interprovincial_history"": ""unknown"", ""previous_use"": ""unknown"", ""previous_use_details"": null, ""province_history"": ""Ontario""}"
evt_e69af51f4765,1FTEW2LP8RKE43667,ford-f150-ontario,usage_history_assessed,2026-07-26T17:13:39-04:00,clutch_ford_f150_ontario_20260726_171339,"{""interprovincial_details"": ""last_registered_province=Ontario; vehicle_history_report.registration_history.0.province=Ontario; provinces=Ontario"", ""interprovincial_history"": ""unknown"", ""previous_use"": ""unknown"", ""previous_use_details"": null, ""province_history"": ""Ontario""}"
evt_1feae625d614,1FTEW2LP7RKE96537,ford-f150-ontario,usage_history_assessed,2026-07-26T17:13:39-04:00,clutch_ford_f150_ontario_20260726_171339,"{""interprovincial_details"": ""last_registered_province=Ontario; vehicle_history_report.registration_history.0.province=Ontario; provinces=Ontario"", ""interprovincial_history"": ""unknown"", ""previous_use"": ""unknown"", ""previous_use_details"": null, ""province_history"": ""Ontario""}"
evt_6b290c80f69b,1FTFW1E86PFC74145,ford-f150-ontario,usage_history_assessed,2026-07-26T17:13:39-04:00,clutch_ford_f150_ontario_20260726_171339,"{""interprovincial_details"": ""last_registered_province=Ontario; vehicle_history_report.registration_history.0.province=Ontario; provinces=Ontario"", ""interprovincial_history"": ""unknown"", ""previous_use"": ""unknown"", ""previous_use_details"": null, ""province_history"": ""Ontario""}"
evt_bc6744f979cb,1FTEW1EP7NFB17319,ford-f150-ontario,usage_history_assessed,2026-07-26T17:13:39-04:00,clutch_ford_f150_ontario_20260726_171339,"{""interprovincial_details"": ""last_registered_province=Ontario; vehicle_history_report.registration_history.0.province=Ontario; provinces=Ontario"", ""interprovincial_history"": ""unknown"", ""previous_use"": ""unknown"", ""previous_use_details"": null, ""province_history"": ""Ontario""}"
evt_acf6e5d9b988,1FTFW1E87NKD85369,ford-f150-ontario,usage_history_assessed,2026-07-26T17:13:39-04:00,clutch_ford_f150_ontario_20260726_171339,"{""interprovincial_details"": ""last_registered_province=Ontario; vehicle_history_report.registration_history.0.province=Ontario; provinces=Ontario"", ""interprovincial_history"": ""unknown"", ""previous_use"": ""unknown"", ""previous_use_details"": null, ""province_history"": ""Ontario""}"
evt_0ed1293248af,1FTEW1EP1NKD53701,ford-f150-ontario,usage_history_assessed,2026-07-26T17:13:39-04:00,clutch_ford_f150_ontario_20260726_171339,"{""interprovincial_details"": ""last_registered_province=Ontario; vehicle_history_report.registration_history.0.province=Ontario; provinces=Ontario"", ""interprovincial_history"": ""unknown"", ""previous_use"": ""unknown"", ""previous_use_details"": null, ""province_history"": ""Ontario""}"
evt_339de29d8de1,1FTEW1EPXPKD47088,ford-f150-ontario,usage_history_assessed,2026-07-26T17:13:39-04:00,clutch_ford_f150_ontario_20260726_171339,"{""interprovincial_details"": ""last_registered_province=Ontario; vehicle_history_report.registration_history.0.province=Ontario; provinces=Ontario"", ""interprovincial_history"": ""unknown"", ""previous_use"": ""unknown"", ""previous_use_details"": null, ""province_history"": ""Ontario""}"
evt_754eefa994f9,1FTEW1EP5PKF33024,ford-f150-ontario,usage_history_assessed,2026-07-26T17:13:39-04:00,clutch_ford_f150_ontario_20260726_171339,"{""interprovincial_details"": ""last_registered_province=Ontario; vehicle_history_report.registration_history.0.province=Ontario; provinces=Ontario"", ""interprovincial_history"": ""unknown"", ""previous_use"": ""unknown"", ""previous_use_details"": null, ""province_history"": ""Ontario""}"
evt_a309844591df,1FTEW1EP0PKE73329,ford-f150-ontario,usage_history_assessed,2026-07-26T17:13:39-04:00,clutch_ford_f150_ontario_20260726_171339,"{""interprovincial_details"": ""last_registered_province=Ontario; vehicle_history_report.registration_history.0.province=Ontario; provinces=Ontario"", ""interprovincial_history"": ""unknown"", ""previous_use"": ""unknown"", ""previous_use_details"": null, ""province_history"": ""Ontario""}"
evt_70bcdd4cf095,1FTEW1EPXPFA89812,ford-f150-ontario,usage_history_assessed,2026-07-26T17:13:39-04:00,clutch_ford_f150_ontario_20260726_171339,"{""interprovincial_details"": ""last_registered_province=Ontario; vehicle_history_report.registration_history.0.province=Ontario; provinces=Ontario"", ""interprovincial_history"": ""unknown"", ""previous_use"": ""unknown"", ""previous_use_details"": null, ""province_history"": ""Ontario""}"
evt_0fc8c83ad93e,1FTEW1EP8PFA03638,ford-f150-ontario,usage_history_assessed,2026-07-26T17:13:39-04:00,clutch_ford_f150_ontario_20260726_171339,"{""interprovincial_details"": ""last_registered_province=Ontario; vehicle_history_report.registration_history.0.province=Ontario; provinces=Ontario"", ""interprovincial_history"": ""unknown"", ""previous_use"": ""unknown"", ""previous_use_details"": null, ""province_history"": ""Ontario""}"
evt_8b4a344186ad,1FTEW1EP1PFA37193,ford-f150-ontario,usage_history_assessed,2026-07-26T17:13:39-04:00,clutch_ford_f150_ontario_20260726_171339,"{""interprovincial_details"": ""last_registered_province=Ontario; vehicle_history_report.registration_history.0.province=Ontario; provinces=Ontario"", ""interprovincial_history"": ""unknown"", ""previous_use"": ""unknown"", ""previous_use_details"": null, ""province_history"": ""Ontario""}"
evt_65dd0545c188,1FTFX1E51NFA00948,ford-f150-ontario,usage_history_assessed,2026-07-26T17:13:39-04:00,clutch_ford_f150_ontario_20260726_171339,"{""interprovincial_details"": ""last_registered_province=Ontario; vehicle_history_report.registration_history.0.province=Ontario; provinces=Ontario"", ""interprovincial_history"": ""unknown"", ""previous_use"": ""unknown"", ""previous_use_details"": null, ""province_history"": ""Ontario""}"
evt_c2ad143d3b44,1FTEW3LP2RFC06185,ford-f150-ontario,usage_history_assessed,2026-07-26T17:13:39-04:00,clutch_ford_f150_ontario_20260726_171339,"{""interprovincial_details"": ""last_registered_province=Ontario; vehicle_history_report.registration_history.0.province=Ontario; provinces=Ontario"", ""interprovincial_history"": ""unknown"", ""previous_use"": ""unknown"", ""previous_use_details"": null, ""province_history"": ""Ontario""}"
evt_7ba89441a3cc,1FTFW1ED3PFB50802,ford-f150-ontario,usage_history_assessed,2026-07-26T17:13:39-04:00,clutch_ford_f150_ontario_20260726_171339,"{""interprovincial_details"": ""last_registered_province=Ontario; vehicle_history_report.registration_history.0.province=Ontario; provinces=Ontario"", ""interprovincial_history"": ""unknown"", ""previous_use"": ""unknown"", ""previous_use_details"": null, ""province_history"": ""Ontario""}"
evt_ad90d5ebb331,1FTEW1EP6PKF51905,ford-f150-ontario,usage_history_assessed,2026-07-26T17:13:39-04:00,clutch_ford_f150_ontario_20260726_171339,"{""interprovincial_details"": ""last_registered_province=Ontario; vehicle_history_report.registration_history.0.province=Ontario; provinces=Ontario"", ""interprovincial_history"": ""unknown"", ""previous_use"": ""unknown"", ""previous_use_details"": null, ""province_history"": ""Ontario""}"
evt_0520692020fb,1FTEW1EP2PFA81705,ford-f150-ontario,usage_history_assessed,2026-07-26T17:13:39-04:00,clutch_ford_f150_ontario_20260726_171339,"{""interprovincial_details"": ""last_registered_province=Ontario; vehicle_history_report.registration_history.0.province=Ontario; provinces=Ontario"", ""interprovincial_history"": ""unknown"", ""previous_use"": ""unknown"", ""previous_use_details"": null, ""province_history"": ""Ontario""}"
evt_bf00ec4c8d8b,1FTFW1E52PKE89874,ford-f150-ontario,usage_history_assessed,2026-07-26T17:13:39-04:00,clutch_ford_f150_ontario_20260726_171339,"{""interprovincial_details"": ""last_registered_province=Ontario; vehicle_history_report.registration_history.0.province=Ontario; provinces=Ontario"", ""interprovincial_history"": ""unknown"", ""previous_use"": ""unknown"", ""previous_use_details"": null, ""province_history"": ""Ontario""}"
evt_49b4629f5ad8,1FTEW1EP9NFA33678,ford-f150-ontario,usage_history_assessed,2026-07-26T17:13:39-04:00,clutch_ford_f150_ontario_20260726_171339,"{""interprovincial_details"": ""last_registered_province=Ontario; vehicle_history_report.registration_history.0.province=Ontario; provinces=Ontario"", ""interprovincial_history"": ""unknown"", ""previous_use"": ""unknown"", ""previous_use_details"": null, ""province_history"": ""Ontario""}"
